time,latitude,longitude,depth,mag,magType,nst,gap,dmin,rms,net,id,updated,place,type,horizontalError,depthError,magError,magNst,status,locationSource,magSource
2020-10-28T04:52:31.922Z,-34.8891,-71.709,58.28,5.5,mww,,50,0.218,0.75,us,us7000c6lj,2020-10-28T05:35:48.096Z,"36 km W of Rauco, Chile",earthquake,5,5.5,0.061,26,reviewed,us,us
2020-10-28T04:13:41.983Z,53.2014,-173.4182,233.22,5.5,mww,,32,1.108,1.04,us,us7000c6l2,2020-10-28T05:13:44.530Z,"123 km NNE of Atka, Alaska",earthquake,6.7,3.8,0.03,104,reviewed,us,us
2020-10-28T03:01:37.741Z,-42.2777,174.6852,26.58,4.9,mb,,69,0.634,0.53,us,us7000c6kh,2020-10-28T05:07:44.469Z,"104 km SE of Blenheim, New Zealand",earthquake,3.1,5.3,0.122,21,reviewed,us,us
2020-10-27T23:38:04.973Z,19.6155,122.2098,34.94,4.5,mb,,126,2.642,1.01,us,us7000c6iy,2020-10-28T00:43:40.040Z,"95 km SSE of Basco, Philippines",earthquake,7.8,9.2,0.106,26,reviewed,us,us
2020-10-27T20:51:15.905Z,7.5704,-36.7192,10,4.6,mb,,117,13.335,0.55,us,us7000c6h9,2020-10-27T22:02:29.040Z,"central Mid-Atlantic Ridge",earthquake,12.7,1.9,0.08,49,reviewed,us,us
2020-10-27T19:43:52.977Z,-2.2321,119.1095,17.38,5.5,mww,,43,2.47,1.23,us,us7000c6e1,2020-10-28T04:59:59.040Z,"55 km NNE of Mamuju, Indonesia",earthquake,5.4,3.8,0.066,22,reviewed,us,us
2020-10-27T15:43:50.436Z,7.0457,-78.6665,10,4.6,mb,,109,2.902,0.94,us,us6000cdt0,2020-10-27T19:58:03.598Z,"76 km SW of Jaqué, Panama",earthquake,4.5,1.9,0.157,13,reviewed,us,us
2020-10-27T14:38:42.608Z,-62.3887,-58.3365,1.24,4.8,mb,,90,0.215,0.94,us,us6000cdrz,2020-10-27T14:59:14.040Z,"South Shetland Islands",earthquake,4.2,4.9,0.119,24,reviewed,us,us
2020-10-27T14:06:09.193Z,54.0495,-159.6577,14.24,4.5,mb,,163,0.784,0.61,us,us6000cdrk,2020-10-27T20:51:51.600Z,"153 km SSE of Sand Point, Alaska",earthquake,5,2.2,0.056,93,reviewed,us,us
2020-10-27T11:59:18.312Z,-0.47,-78.7458,10.6,4.7,mb,,144,0.358,0.97,us,us6000cdq4,2020-10-28T03:36:52.265Z,"20 km WNW of Machachi, Ecuador",earthquake,3.4,6.3,0.115,23,reviewed,us,us
2020-10-27T09:57:10.218Z,38.5381,70.2,10,4.6,mb,,128,1.566,1.37,us,us6000cdp1,2020-10-27T10:54:57.040Z,"39 km SE of Roghun, Tajikistan",earthquake,7,1.9,0.125,19,reviewed,us,us
2020-10-27T07:01:15.845Z,40.1507,142.6434,42.02,4.7,mb,,141,1.362,0.54,us,us6000cdmw,2020-10-27T07:22:43.040Z,"82 km NE of Miyako, Japan",earthquake,4.4,8.4,0.152,15,reviewed,us,us
2020-10-27T06:47:54.786Z,49.4347,156.0901,35,4.7,mb,,149,3.814,0.62,us,us6000cdms,2020-10-27T07:21:16.040Z,"138 km S of Severo-Kuril’sk, Russia",earthquake,5.4,1.9,0.055,99,reviewed,us,us
2020-10-26T21:34:51.306Z,32.1316,56.0348,10,5,mb,,57,5.666,1.14,us,us6000cdjs,2020-10-27T02:48:59.444Z,"83 km NE of Bāfq, Iran",earthquake,7.4,1.9,0.052,117,reviewed,us,us
2020-10-26T13:15:01.550Z,29.1992,129.0993,10,4.5,mb,,106,2.465,1,us,us6000cda8,2020-10-26T13:57:46.040Z,"99 km NNW of Naze, Japan",earthquake,3.8,1.9,0.125,21,reviewed,us,us
2020-10-26T11:00:59.110Z,13.4316,144.4163,136.53,4.6,mb,,36,0.466,0.92,us,us6000cd9h,2020-10-27T08:32:48.227Z,"Guam region",earthquake,10.7,6.2,0.051,114,reviewed,us,us
2020-10-26T09:25:11.462Z,54.9466,-160.3852,45.32,4.9,mb,,152,0.407,0.87,us,us6000cd8r,2020-10-26T18:07:43.040Z,"44 km S of Sand Point, Alaska",earthquake,6.6,6.5,0.063,80,reviewed,us,us
2020-10-26T08:43:35.447Z,60.9492,165.4269,10,4.5,mb,,57,7.159,0.59,us,us6000cd8c,2020-10-26T09:01:34.040Z,"67 km NNW of Tilichiki, Russia",earthquake,8.5,1.9,0.054,102,reviewed,us,us
2020-10-26T08:26:35.784Z,0.5849,121.5429,90.02,5.1,mww,,21,0.923,1.05,us,us6000cd8a,2020-10-27T20:45:31.040Z,"169 km W of Gorontalo, Indonesia",earthquake,6,4.6,0.098,10,reviewed,us,us
2020-10-26T07:40:17.236Z,54.4691,-159.8437,21.02,4.6,mb,,155,0.391,0.86,us,us6000cd7z,2020-10-26T16:52:34.312Z,"105 km SSE of Sand Point, Alaska",earthquake,2.2,5.1,0.059,86,reviewed,us,us
2020-10-26T07:24:08.077Z,18.5256,145.8026,208.99,4.7,mb,,83,4.989,0.81,us,us6000cd7v,2020-10-26T07:48:12.040Z,"Pagan region, Northern Mariana Islands",earthquake,10.2,7.9,0.063,76,reviewed,us,us
2020-10-26T06:03:26.022Z,-23.3726,-68.4991,112.89,4.7,mb,,40,0.512,1.06,us,us6000cd6n,2020-10-26T07:11:51.040Z,"59 km SSW of San Pedro de Atacama, Chile",earthquake,6,5.6,0.166,11,reviewed,us,us
2020-10-26T04:55:50.877Z,-6.9822,129.1283,171.43,4.6,mb,,77,2.37,1,us,us6000cd6a,2020-10-26T21:16:44.040Z,"290 km NE of Lospalos, Timor Leste",earthquake,8.5,6.9,0.125,19,reviewed,us,us
2020-10-26T03:10:46.192Z,39.5479,71.2875,13.68,4.6,mb,,58,0.624,1.02,us,us6000cd5e,2020-10-26T04:03:19.040Z,"40 km NNW of Karakenja, Tajikistan",earthquake,5,3.7,0.085,41,reviewed,us,us
2020-10-26T02:58:50.549Z,-6.4003,154.2777,10,4.9,mb,,70,3.04,1.17,us,us6000cd5m,2020-10-26T03:49:01.040Z,"133 km W of Panguna, Papua New Guinea",earthquake,9.5,1.8,0.103,30,reviewed,us,us
2020-10-26T00:42:15.503Z,-6.5271,130.0705,133.73,4.6,mb,,43,1.891,0.98,us,us6000cd4l,2020-10-28T01:01:49.040Z,"Banda Sea",earthquake,8.1,5.4,0.084,42,reviewed,us,us
2020-10-25T23:43:11.001Z,-56.6979,-141.6208,10,5.5,mww,,68,27.414,0.72,us,us6000cd45,2020-10-28T01:56:30.061Z,"Pacific-Antarctic Ridge",earthquake,11.2,1.7,0.086,13,reviewed,us,us
2020-10-25T23:06:42.472Z,-62.3305,-58.1111,10,4.7,mb,,50,1.187,0.93,us,us6000cd3n,2020-10-28T01:56:24.040Z,"South Shetland Islands",earthquake,5.7,1.7,0.11,25,reviewed,us,us
2020-10-25T21:32:41.999Z,-23.2456,-68.5364,118.11,4.6,mwr,,67,0.44,0.9,us,us6000cd2z,2020-10-28T02:15:19.040Z,"50 km SW of San Pedro de Atacama, Chile",earthquake,6.3,6.1,,,reviewed,us,guc
2020-10-25T21:18:52.358Z,37.7819,141.0819,52.9,4.7,mb,,101,2.607,0.68,us,us6000cd2j,2020-10-27T21:06:14.040Z,"31 km ESE of Marumori, Japan",earthquake,8.7,7,0.11,25,reviewed,us,us
2020-10-25T21:17:14.814Z,-20.002,-70.9604,10,5.3,mww,,117,0.885,0.7,us,us6000cd2g,2020-10-27T22:03:55.441Z,"87 km WNW of Iquique, Chile",earthquake,4.4,1.6,0.063,24,reviewed,us,us
2020-10-25T19:35:45.022Z,47.0135,9.1981,5,4.5,mb,,89,0.551,1.11,us,us6000cd1u,2020-10-26T07:31:40.584Z,"9 km ESE of Ennenda, Switzerland",earthquake,4.6,2,0.145,14,reviewed,us,us
2020-10-25T15:13:00.343Z,31.1957,139.9839,146.88,4.5,mb,,132,1.919,0.82,us,us6000cd0n,2020-10-25T16:04:25.040Z,"Izu Islands, Japan region",earthquake,7.3,6.2,0.044,151,reviewed,us,us
2020-10-25T12:47:59.705Z,14.8012,-92.5237,71.22,5.1,mww,,139,0.848,1.12,us,us6000ccys,2020-10-27T17:17:11.096Z,"10 km SW of Mazatán, Mexico",earthquake,9.1,4.9,0.047,44,reviewed,us,us
2020-10-25T11:47:37.004Z,-15.3542,-173.4669,32.73,5.9,mww,,62,5.014,0.71,us,us6000ccyh,2020-10-27T16:40:50.040Z,"75 km NNE of Hihifo, Tonga",earthquake,8.8,4.6,0.075,17,reviewed,us,us
2020-10-25T11:04:46.376Z,-10.2591,161.5334,66.35,5.1,mww,,30,1.762,1.19,us,us6000ccxw,2020-10-27T17:03:34.040Z,"47 km WNW of Kirakira, Solomon Islands",earthquake,6,4.6,0.078,16,reviewed,us,us
2020-10-25T09:14:28.568Z,-37.8393,177.6062,48.26,4.6,mb,,99,0.62,0.62,us,us6000ccxa,2020-10-25T21:28:46.128Z,"33 km NE of Opotiki, New Zealand",earthquake,5.1,8.9,0.158,12,reviewed,us,us
2020-10-25T06:28:07.188Z,-0.749,123.2867,11.46,4.8,mb,,53,0.591,0.48,us,us6000ccwe,2020-10-25T06:44:57.040Z,"59 km ENE of Luwuk, Indonesia",earthquake,5.1,5.7,0.101,30,reviewed,us,us
2020-10-25T00:56:47.381Z,-8.009,107.9679,57.11,5.4,mww,,41,0.627,1.17,us,us6000cctq,2020-10-27T16:22:18.040Z,"74 km SSW of Kawalu, Indonesia",earthquake,5.3,5.6,0.06,27,reviewed,us,us
2020-10-24T22:23:01.035Z,54.5699,-159.59,37.02,4.8,mwr,,143,0.261,0.65,us,us6000ccsd,2020-10-24T22:53:03.433Z,"103 km SE of Sand Point, Alaska",earthquake,4.4,5.7,0.059,28,reviewed,us,us
2020-10-24T18:04:35.738Z,31.8024,104.2935,40.47,4.7,mb,,34,4.715,0.63,us,us6000ccpl,2020-10-24T20:36:27.040Z,"40 km W of Jiangyou, China",earthquake,8.5,6.2,0.058,100,reviewed,us,us
2020-10-24T17:58:52.853Z,56.4485,-147.591,20.96,4.8,mww,,135,3.033,0.49,us,us6000ccph,2020-10-27T16:48:27.912Z,"Gulf of Alaska",earthquake,6.2,3.5,0.05,39,reviewed,us,us
2020-10-24T16:18:47.713Z,62.2544,-124.4288,6.49,4.7,mb,,33,1.074,0.85,us,us6000ccnk,2020-10-26T18:25:54.040Z,"Northwest Territories, Canada",earthquake,4.7,2.9,0.029,354,reviewed,us,us
2020-10-24T15:55:57.506Z,-22.713,171.8392,47.8,4.7,mb,,129,3.738,0.74,us,us6000ccne,2020-10-24T16:54:19.040Z,"southeast of the Loyalty Islands",earthquake,10.2,7.4,0.095,34,reviewed,us,us
2020-10-24T15:52:32.497Z,-17.763,-69.257,163.11,4.7,mb,,92,0.273,0.69,us,us6000ccnb,2020-10-24T16:17:38.040Z,"74 km E of Palca, Peru",earthquake,8.8,7.8,0.101,30,reviewed,us,us
2020-10-24T14:54:30.130Z,-58.2464,-30.2316,33.99,4.7,mb,,94,5.284,1.15,us,us6000ccms,2020-10-24T15:20:57.040Z,"South Sandwich Islands region",earthquake,8.1,6.5,0.124,20,reviewed,us,us
2020-10-24T11:34:18.371Z,35.8067,48.9098,10,5,mww,,35,4.066,0.88,us,us6000cckl,2020-10-24T23:54:10.137Z,"46 km SW of Abhar, Iran",earthquake,6.9,1.8,0.098,10,reviewed,us,us
2020-10-24T11:06:42.951Z,-38.5361,177.8027,80.83,4.5,mb,,150,0.649,1.06,us,us6000cckc,2020-10-24T12:37:03.040Z,"21 km NW of Gisborne, New Zealand",earthquake,6.8,5.6,0.192,8,reviewed,us,us
2020-10-24T10:40:19.467Z,-62.3669,-58.1984,10,5,mww,,76,0.253,0.88,us,us6000cck0,2020-10-24T14:01:23.040Z,"South Shetland Islands",earthquake,3.1,1.8,0.073,18,reviewed,us,us
2020-10-24T10:11:09.314Z,25.9108,-110.3777,10,4.7,mb,,161,2.179,1.17,us,us6000ccj8,2020-10-24T15:40:14.956Z,"97 km E of Loreto, Mexico",earthquake,6.3,1.9,0.048,132,reviewed,us,us
2020-10-24T08:22:03.407Z,-2.0553,138.2658,39.22,4.8,mb,,63,6.072,0.78,us,us6000cchz,2020-10-24T08:38:34.040Z,"261 km ESE of Biak, Indonesia",earthquake,9.6,7.7,0.1,31,reviewed,us,us
2020-10-24T07:50:41.571Z,36.0382,21.8847,10,4.5,mb,,177,1.138,0.76,us,us6000ccht,2020-10-24T08:06:48.040Z,"84 km S of Koróni, Greece",earthquake,5.3,1.9,0.171,10,reviewed,us,us
2020-10-24T04:59:51.516Z,-18.068,-178.434,589.68,4.7,mb,,85,3.36,0.81,us,us6000ccfj,2020-10-24T05:15:33.040Z,"238 km E of Levuka, Fiji",earthquake,11.5,7.1,0.047,136,reviewed,us,us
2020-10-24T03:21:03.730Z,23.0338,92.2235,41.27,4.6,mb,,180,1.327,0.59,us,us6000ccf2,2020-10-25T09:10:59.896Z,"27 km ESE of Khagrachhari, Bangladesh",earthquake,3.2,6.9,0.146,14,reviewed,us,us
2020-10-23T23:08:54.518Z,-4.8002,145.5285,48.38,4.6,mb,,116,3.296,0.85,us,us6000ccd8,2020-10-23T23:34:48.040Z,"54 km NNW of Madang, Papua New Guinea",earthquake,5.3,8.8,0.1,30,reviewed,us,us
2020-10-23T19:11:29.422Z,-22.4518,-179.4725,574.74,4.6,mb,,98,5.228,0.69,us,us6000cc9n,2020-10-23T19:31:34.040Z,"south of the Fiji Islands",earthquake,12.6,9.9,0.079,49,reviewed,us,us
2020-10-23T19:00:45.738Z,-14.9843,167.1218,108.65,5.2,mww,,64,0.466,0.93,us,us6000cc9j,2020-10-24T15:22:34.063Z,"8 km NE of Port-Olry, Vanuatu",earthquake,8.5,1.1,0.075,17,reviewed,us,us
2020-10-23T16:29:55.563Z,-27.5525,-67.3482,136.92,5,mb,,74,2.562,1.03,us,us6000cc6p,2020-10-23T16:47:52.040Z,"27 km NW of Londres, Argentina",earthquake,8.2,7.8,0.137,17,reviewed,us,us
2020-10-23T16:06:13.522Z,-62.1881,-58.2825,10,5,mb,,108,3.663,1.13,us,us6000cc4n,2020-10-23T16:25:41.040Z,"South Shetland Islands",earthquake,13,1.9,0.093,37,reviewed,us,us
2020-10-23T10:58:13.386Z,54.5281,-159.5742,26.24,4.6,mwr,,155,0.303,0.97,us,us6000cbz4,2020-10-24T16:15:39.040Z,"107 km SSE of Sand Point, Alaska",earthquake,6,5.4,0.08,15,reviewed,us,us
2020-10-23T07:04:32.004Z,-25.6127,-179.9645,463.9,6.1,mww,,25,4.045,0.79,us,us6000cbx8,2020-10-24T07:08:32.647Z,"south of the Fiji Islands",earthquake,9.2,5.7,0.063,24,reviewed,us,us
2020-10-23T06:30:37.017Z,-36.3312,-97.6393,10,4.7,mb,,115,13.527,0.71,us,us6000cbws,2020-10-23T07:26:36.040Z,"West Chile Rise",earthquake,6.5,1.9,0.092,36,reviewed,us,us
2020-10-23T02:21:45.472Z,-3.8835,-81.8527,10,4.6,mb,,124,4.588,0.8,us,us6000cbuu,2020-10-23T02:47:36.040Z,"82 km WNW of El Alto, Peru",earthquake,9.1,1.9,0.082,44,reviewed,us,us
2020-10-23T02:19:07.596Z,19.9028,-45.7676,10,5,mb,,124,22.307,1.28,us,us6000cbus,2020-10-23T02:38:58.040Z,"northern Mid-Atlantic Ridge",earthquake,13.1,1.9,0.038,222,reviewed,us,us
2020-10-23T01:46:17.475Z,-36.4011,-97.1352,10,6,mww,,47,13.888,1.41,us,us6000cbug,2020-10-24T01:54:12.956Z,"West Chile Rise",earthquake,9.8,1.8,0.078,16,reviewed,us,us
2020-10-23T00:59:10.149Z,-24.6102,179.3424,534.69,4.7,mb,,90,5.219,0.96,us,us6000cbtu,2020-10-23T01:13:59.040Z,"south of the Fiji Islands",earthquake,12,9.6,0.081,46,reviewed,us,us
2020-10-23T00:33:35.437Z,19.98,-45.8636,10,5.3,mww,,63,15.342,0.78,us,us6000cbtq,2020-10-23T00:52:29.040Z,"northern Mid-Atlantic Ridge",earthquake,10.3,1.9,0.071,19,reviewed,us,us
2020-10-22T23:06:32.602Z,52.6958,-34.9841,10,5.1,mww,,48,10.208,0.74,us,us6000cbt3,2020-10-22T23:27:32.040Z,"Reykjanes Ridge",earthquake,9.4,1.8,0.098,10,reviewed,us,us
2020-10-22T19:19:46.496Z,-62.3688,-58.1586,10,5.1,mww,,74,0.27,1.05,us,us6000cbmk,2020-10-22T19:38:09.040Z,"South Shetland Islands",earthquake,7.9,1.8,0.093,11,reviewed,us,us
2020-10-22T12:00:48.969Z,52.689,-35.1277,10,4.7,mb,,96,11.095,0.82,us,us6000cbar,2020-10-22T12:27:11.040Z,"Reykjanes Ridge",earthquake,11.3,1.9,0.047,137,reviewed,us,us
2020-10-22T10:54:51.255Z,52.6383,-34.8015,10,4.6,mb,,119,14.689,0.76,us,us6000cbaf,2020-10-22T12:07:15.040Z,"Reykjanes Ridge",earthquake,12.9,1.9,0.071,59,reviewed,us,us
2020-10-22T10:10:52.592Z,3.8202,125.7629,143.37,4.6,mb,,99,3.233,0.53,us,us6000cb9y,2020-10-22T12:30:51.040Z,"178 km S of Sarangani, Philippines",earthquake,8.8,8.6,0.107,26,reviewed,us,us
2020-10-22T09:54:59.550Z,19.9486,-45.7372,10,4.6,mb,,155,15.598,0.53,us,us6000cba3,2020-10-22T11:28:49.040Z,"northern Mid-Atlantic Ridge",earthquake,7.1,1.9,0.074,55,reviewed,us,us
2020-10-22T08:24:06.992Z,-20.8778,-176.6074,237.63,5.8,mww,,33,5.927,1.23,us,us6000cb8b,2020-10-23T08:27:43.721Z,"148 km WNW of Haveluloto, Tonga",earthquake,8.7,4.2,0.045,48,reviewed,us,us
2020-10-22T07:50:38.447Z,47.9249,154.1259,35,4.5,mb,,164,5.667,0.61,us,us6000cb7t,2020-10-22T08:17:59.040Z,"Kuril Islands",earthquake,10,2,0.055,97,reviewed,us,us
2020-10-22T07:22:56.816Z,74.0668,-90.9601,10,4.6,mb,,114,1.236,0.85,us,us6000cb75,2020-10-22T07:51:15.040Z,"Devon Island, Nunavut, Canada",earthquake,9.3,1.9,0.045,145,reviewed,us,us
2020-10-22T07:14:17.917Z,23.9724,123.5525,35.14,4.7,mb,,57,0.697,0.69,us,us6000cb7p,2020-10-22T09:13:20.040Z,"74 km SW of Ishigaki, Japan",earthquake,5.6,5.1,0.057,92,reviewed,us,us
2020-10-22T06:14:24.820Z,-5.5515,149.5514,181.04,5.1,mww,,55,2.932,0.87,us,us6000cb66,2020-10-22T06:54:04.026Z,"64 km W of Kimbe, Papua New Guinea",earthquake,7.2,7.8,0.098,10,reviewed,us,us
2020-10-22T05:40:03.501Z,-62.2794,-58.2818,10,4.9,mb,,69,0.183,0.61,us,us6000cb5t,2020-10-22T06:01:48.040Z,"South Shetland Islands",earthquake,2.4,1.9,0.084,46,reviewed,us,us
2020-10-22T04:21:15.553Z,-7.1265,129.6678,189.09,4.5,mb,,148,1.827,0.68,us,us6000cb50,2020-10-22T04:33:56.040Z,"Kepulauan Babar, Indonesia",earthquake,9.6,9.2,0.204,7,reviewed,us,us
2020-10-22T03:03:41.204Z,31.938,104.2457,35.85,5.2,mb,,38,4.796,0.57,us,us6000cb4i,2020-10-27T04:41:44.090Z,"48 km WNW of Jiangyou, China",earthquake,8.3,5,0.033,300,reviewed,us,us
2020-10-22T02:31:43.124Z,52.9755,-35.4944,10,4.7,mb,,119,9.811,0.47,us,us6000cb47,2020-10-27T01:52:32.040Z,"Reykjanes Ridge",earthquake,11.2,1.9,0.044,159,reviewed,us,us
2020-10-22T01:57:59.047Z,-10.4327,160.8554,43.73,4.8,mb,,71,1.332,0.7,us,us6000cb3x,2020-10-27T01:26:20.040Z,"116 km W of Kirakira, Solomon Islands",earthquake,8.4,7.5,0.071,62,reviewed,us,us
2020-10-21T23:00:54.496Z,37.3249,20.5069,6.58,5.2,mww,,25,3.178,1.09,us,us6000cb28,2020-10-22T09:44:58.782Z,"52 km SSW of Lithakiá, Greece",earthquake,6.6,4.4,0.058,29,reviewed,us,us
2020-10-21T22:41:43.185Z,18.8153,147.2508,10,4.9,mb,,84,3.819,0.65,us,us6000cb23,2020-10-21T23:24:58.040Z,"Mariana Islands region",earthquake,8.7,1.9,0.062,80,reviewed,us,us
2020-10-21T20:56:39.984Z,-34.6877,179.2434,157.8,4.6,mb,,205,2.967,0.92,us,us6000cb06,2020-10-21T21:18:12.040Z,"south of the Kermadec Islands",earthquake,11.6,10.4,0.136,16,reviewed,us,us
2020-10-21T20:51:18.849Z,14.0796,-92.3091,41.88,4.5,mb,,211,0.741,0.72,us,us6000cb02,2020-10-22T21:24:54.040Z,"48 km WSW of Champerico, Guatemala",earthquake,11.1,13.8,0.063,73,reviewed,us,us
2020-10-21T20:23:21.308Z,-6.057,149.5443,64.62,4.9,mb,,60,3.2,0.62,us,us6000caza,2020-10-21T21:07:56.574Z,"16 km N of Kandrian, Papua New Guinea",earthquake,7.3,5.4,0.065,74,reviewed,us,us
2020-10-21T18:59:44.630Z,54.1291,-159.9659,10,4.6,mb,,237,0.736,1.11,us,us6000cawx,2020-10-27T13:47:33.040Z,"138 km SSE of Sand Point, Alaska",earthquake,5.6,2,0.113,23,reviewed,us,us
2020-10-21T17:06:06.678Z,0.8661,122.9162,313.9,4.5,mb,,68,1.9,1.01,us,us6000cat8,2020-10-21T17:23:36.040Z,"39 km NNW of Gorontalo, Indonesia",earthquake,7.9,4.1,0.078,48,reviewed,us,us
2020-10-21T15:20:04.967Z,25.6157,141.4245,156.75,4.7,mb,,106,9.201,0.97,us,us6000caq8,2020-10-21T15:38:44.040Z,"Volcano Islands, Japan region",earthquake,10.5,7.3,0.037,218,reviewed,us,us
2020-10-21T15:17:53.342Z,-3.4444,100.294,10,4.8,mb,,182,2.807,0.87,us,us6000capt,2020-10-21T20:59:44.040Z,"196 km SW of Sungai Penuh, Indonesia",earthquake,9,1.9,0.081,47,reviewed,us,us
2020-10-21T14:35:13.710Z,-3.2469,100.5198,37.68,4.9,mb,,64,2.67,0.78,us,us6000canu,2020-10-26T13:15:43.040Z,"163 km SW of Sungai Penuh, Indonesia",earthquake,7,3.3,0.063,80,reviewed,us,us
2020-10-21T13:12:37.599Z,33.3484,90.2661,10,4.8,mb,,60,3.707,0.64,us,us6000camh,2020-10-26T14:16:24.040Z,"267 km NW of Nagqu, China",earthquake,8.3,1.9,0.049,128,reviewed,us,us
2020-10-21T12:45:22.801Z,12.3764,143.8063,47.77,4.8,mb,,61,1.589,0.58,us,us6000camg,2020-10-26T11:05:42.732Z,"135 km SW of Merizo Village, Guam",earthquake,4.9,8.1,0.038,214,reviewed,us,us
2020-10-21T12:32:41.532Z,54.5073,-159.6943,26.43,4.7,mb,,157,0.33,0.78,us,us6000cam4,2020-10-24T16:21:13.040Z,"105 km SSE of Sand Point, Alaska",earthquake,6.9,5.9,0.052,113,reviewed,us,us
2020-10-21T12:02:12.988Z,36.1168,70.6749,96.09,4.5,mb,,82,2.062,1.07,us,us6000calq,2020-10-21T12:23:23.040Z,"80 km NNW of Pārūn, Afghanistan",earthquake,6.9,8.9,0.072,58,reviewed,us,us
2020-10-21T11:56:41.592Z,54.4427,-159.6231,18.82,4.7,mww,,160,0.389,1.07,us,us6000call,2020-10-22T15:00:52.040Z,"114 km SSE of Sand Point, Alaska",earthquake,6.2,2.6,0.068,21,reviewed,us,us
2020-10-21T11:34:52.072Z,54.1499,-159.7837,17.31,4.6,mb,,166,0.691,0.57,us,us6000calf,2020-10-24T16:25:28.040Z,"139 km SSE of Sand Point, Alaska",earthquake,5.3,5.1,0.061,80,reviewed,us,us
2020-10-21T09:13:05.183Z,-25.5166,-70.9974,9.38,5.7,mww,,102,0.724,1.1,us,us6000caj9,2020-10-22T09:17:05.514Z,"52 km WSW of Taltal, Chile",earthquake,2.6,3.7,0.066,22,reviewed,us,us
2020-10-21T06:37:35.400Z,54.277,-159.6023,15.04,4.9,mb,,123,0.555,1.02,us,us6000caig,2020-10-24T16:28:36.040Z,"131 km SSE of Sand Point, Alaska",earthquake,6.8,4.7,0.028,387,reviewed,us,us
2020-10-21T04:21:23.628Z,2.8372,96.2653,35,4.6,mb,,62,2.008,0.74,us,us6000cahr,2020-10-22T03:14:57.040Z,"41 km NNW of Sinabang, Indonesia",earthquake,4.6,2,0.112,24,reviewed,us,us
2020-10-21T04:21:07.079Z,-56.1782,-143.5539,10,5.4,mww,,80,27.52,0.52,us,us6000cane,2020-10-22T04:24:29.957Z,"Pacific-Antarctic Ridge",earthquake,13,1.9,0.078,16,reviewed,us,us
2020-10-21T04:04:47.204Z,31.9772,104.2754,10,5.2,mb,,39,4.785,0.75,us,us6000cahl,2020-10-22T03:16:31.725Z,"47 km WNW of Jiangyou, China",earthquake,7,1.8,0.035,264,reviewed,us,us
2020-10-21T03:35:24.695Z,52.9586,-164.584,38.98,4.8,mwr,,70,1.372,0.68,us,us6000cahd,2020-10-22T01:54:50.511Z,"152 km SSE of Akutan, Alaska",earthquake,4.2,4.7,0.083,14,reviewed,us,us
2020-10-21T02:19:54.454Z,-62.348,-58.2565,15.11,4.7,mb,,76,0.22,0.99,us,us7000c6ai,2020-10-28T04:00:36.040Z,"South Shetland Islands",earthquake,6.5,5,0.123,20,reviewed,us,us
2020-10-21T02:00:26.410Z,-62.3141,-58.3074,12.53,5.1,mww,,71,0.183,0.63,us,us6000cagl,2020-10-28T03:27:30.040Z,"South Shetland Islands",earthquake,4.3,3.2,0.083,14,reviewed,us,us
2020-10-21T01:52:44.972Z,-47.2099,-13.1338,10,4.9,mb,,75,22.711,0.97,us,us7000c6ah,2020-10-28T02:45:09.040Z,"southern Mid-Atlantic Ridge",earthquake,11.5,1.8,0.11,26,reviewed,us,us
2020-10-21T01:17:53.037Z,54.2699,-159.618,15.58,5.1,mww,,72,0.562,0.81,us,us6000cag5,2020-10-28T02:26:22.040Z,"131 km SSE of Sand Point, Alaska",earthquake,5,3.5,0.044,50,reviewed,us,us
2020-10-21T00:22:33.928Z,-19.3191,-172.3884,10,5.9,mww,,26,7.413,1.05,us,us6000cafc,2020-10-22T00:36:24.040Z,"183 km ESE of Neiafu, Tonga",earthquake,8.8,1.8,0.08,15,reviewed,us,us
2020-10-20T23:08:05.419Z,41.1969,73.0421,10,4.7,mb,,48,0.134,0.94,us,us6000cae9,2020-10-21T09:59:18.274Z,"29 km N of Jalal-Abad, Kyrgyzstan",earthquake,4.8,1.9,0.069,63,reviewed,us,us
2020-10-20T21:38:52.052Z,54.6325,-159.8159,33.71,4.9,mb,,170,0.238,0.94,us,us6000cacz,2020-10-20T23:11:53.810Z,"89 km SSE of Sand Point, Alaska",earthquake,6.5,5.1,0.039,211,reviewed,us,us
2020-10-20T21:37:19.527Z,13.6892,-90.6203,41.89,4.5,mb,,91,1.332,0.84,us,us6000cad1,2020-10-28T05:35:27.040Z,"28 km SSE of Iztapa, Guatemala",earthquake,12.6,5.5,0.075,52,reviewed,us,us
2020-10-20T19:27:08.335Z,-0.144,124.6854,58.52,4.6,mb,,39,2.111,0.99,us,us6000ca9d,2020-10-21T18:44:32.040Z,"162 km S of Tomohon, Indonesia",earthquake,5.7,7.1,0.072,68,reviewed,us,us
2020-10-20T18:57:55.408Z,-19.4376,-174.1182,35,5,mb,,77,7.613,0.9,us,us6000ca8i,2020-10-20T19:35:59.040Z,"48 km NNE of Pangai, Tonga",earthquake,9.8,1.9,0.04,205,reviewed,us,us
2020-10-20T16:54:44.605Z,-15.413,-73.7426,78.62,4.8,mb,,157,4.387,0.48,us,us6000ca48,2020-10-26T17:22:29.811Z,"24 km NNE of Quicacha, Peru",earthquake,7.6,8.1,0.197,12,reviewed,us,us
2020-10-20T16:29:29.383Z,-56.8741,-26.1453,72.11,4.7,mb,,69,6.413,0.47,us,us6000cc5x,2020-10-26T17:23:36.040Z,"South Sandwich Islands region",earthquake,5.9,7.1,0.12,21,reviewed,us,us
2020-10-20T14:01:22.479Z,7.4592,-36.0595,10,4.9,mb,,61,13.2,0.78,us,us6000ca0s,2020-10-25T18:56:36.040Z,"central Mid-Atlantic Ridge",earthquake,10.9,1.9,0.052,115,reviewed,us,us
2020-10-20T13:43:17.460Z,64.0134,-22.1508,10,5.6,mww,,25,0.819,0.74,us,us6000ca0k,2020-10-25T18:41:19.093Z,"11 km SW of Álftanes, Iceland",earthquake,5.5,1.8,0.036,73,reviewed,us,us
2020-10-20T13:20:02.357Z,17.9542,146.2428,98.35,5.2,mww,,59,2.733,0.99,us,us6000ca0c,2020-10-27T13:30:09.603Z,"Alamagan region, Northern Mariana Islands",earthquake,9.6,4.8,0.071,19,reviewed,us,us
2020-10-20T12:32:11.745Z,54.347,-159.8039,18.22,5.1,mww,,64,0.5,0.87,us,us6000ca05,2020-10-22T00:48:47.040Z,"118 km SSE of Sand Point, Alaska",earthquake,4.7,3.3,0.047,43,reviewed,us,us
2020-10-20T08:37:14.452Z,54.6484,-159.6909,33.3,5,mb,,150,0.192,1.01,us,us6000c9x9,2020-10-22T00:55:13.040Z,"92 km SSE of Sand Point, Alaska",earthquake,6.3,5.4,0.034,282,reviewed,us,us
2020-10-20T08:18:43.090Z,54.5684,-159.5929,27.46,4.8,mb,,160,0.263,1.35,us,us6000c9x1,2020-10-20T19:43:16.346Z,"103 km SE of Sand Point, Alaska",earthquake,3.3,6.6,0.037,219,reviewed,us,us
2020-10-20T07:36:59.182Z,54.2837,-159.7314,14.37,4.7,mb,,71,0.554,0.88,us,us6000c9wl,2020-10-20T08:01:18.010Z,"127 km SSE of Sand Point, Alaska",earthquake,7.3,4.9,0.054,105,reviewed,us,us
2020-10-20T04:07:06.233Z,54.2533,-159.644,9.71,5.6,mww,,67,0.579,0.65,us,us6000c9u7,2020-10-21T23:30:52.203Z,"132 km SSE of Sand Point, Alaska",earthquake,5,2.3,0.039,64,reviewed,us,us
2020-10-20T03:12:49.979Z,1.6816,127.361,114.57,4.6,mb,,87,0.903,0.95,us,us6000c9ti,2020-10-21T21:59:59.827Z,"72 km W of Tobelo, Indonesia",earthquake,10.6,6.1,0.129,18,reviewed,us,us
2020-10-20T02:52:24.373Z,54.2494,-159.6369,18.85,4.5,mb,,143,0.583,0.59,us,us6000c9t2,2020-10-21T03:27:19.040Z,"133 km SSE of Sand Point, Alaska",earthquake,5.4,4.1,0.068,64,reviewed,us,us
2020-10-20T02:47:45.468Z,54.4387,-159.7638,22.56,4.6,mwr,,70,0.406,0.78,us,us6000c9t1,2020-10-21T01:31:51.040Z,"110 km SSE of Sand Point, Alaska",earthquake,5.6,4.3,0.08,15,reviewed,us,us
2020-10-20T02:36:45.428Z,36.9792,20.889,10,4.7,mb,,55,0.852,0.59,us,us6000c9sx,2020-10-21T01:17:16.040Z,"64 km WSW of Filiatrá, Greece",earthquake,5,1.9,0.133,17,reviewed,us,us
2020-10-20T01:21:29.341Z,54.2743,-159.5336,13.69,4.7,mb,,100,0.558,0.61,us,us6000c9rq,2020-10-21T00:12:32.040Z,"133 km SSE of Sand Point, Alaska",earthquake,2.4,3.9,0.033,271,reviewed,us,us
2020-10-20T00:56:36.151Z,54.3376,-159.584,18.7,4.8,mb,,165,0.494,1.08,us,us6000c9r1,2020-10-20T08:59:15.249Z,"125 km SSE of Sand Point, Alaska",earthquake,5.5,5.1,0.05,122,reviewed,us,us
2020-10-20T00:44:20.601Z,54.3443,-159.6741,39.26,4.8,mb,,175,0.49,0.84,us,us6000c9r0,2020-10-20T01:26:05.463Z,"122 km SSE of Sand Point, Alaska",earthquake,7.5,7.6,0.04,191,reviewed,us,us
2020-10-20T00:41:38.059Z,-3.9826,99.869,10,4.5,mb,,216,3.101,0.82,us,us6000c9rb,2020-10-20T01:09:41.040Z,"266 km W of Bengkulu, Indonesia",earthquake,12.8,2,0.164,11,reviewed,us,us
2020-10-20T00:40:12.716Z,54.4209,-159.82,29.24,4.8,mb,,145,0.432,0.72,us,us6000c9qw,2020-10-20T01:19:54.501Z,"110 km SSE of Sand Point, Alaska",earthquake,7.7,3.6,0.044,162,reviewed,us,us
2020-10-20T00:34:11.962Z,54.2177,-159.5704,16.1,4.8,mb,,158,0.614,0.89,us,us6000c9qr,2020-10-20T08:36:44.465Z,"138 km SSE of Sand Point, Alaska",earthquake,5.2,4.6,0.037,230,reviewed,us,us
2020-10-20T00:00:38.157Z,54.5626,-159.6319,37.47,4.9,mb,,169,0.27,0.75,us,us6000c9qc,2020-10-20T00:52:50.414Z,"102 km SSE of Sand Point, Alaska",earthquake,5.8,5.8,0.033,291,reviewed,us,us
2020-10-19T23:42:15.650Z,54.4943,-159.7769,27.91,4.9,mb,,168,0.354,0.88,us,us6000c9q8,2020-10-20T00:02:51.040Z,"104 km SSE of Sand Point, Alaska",earthquake,8.3,5.5,0.037,228,reviewed,us,us
2020-10-19T23:41:03.030Z,54.4693,-159.6266,31.84,4.5,mb,,172,0.363,0.76,us,us6000c9q4,2020-10-24T05:18:11.697Z,"south of Alaska",earthquake,2.5,5.8,0.079,47,reviewed,us,us
2020-10-19T23:17:06.871Z,54.1964,-159.8387,16.02,4.6,mb,,157,0.652,0.94,us,us6000c9py,2020-10-24T05:18:11.096Z,"133 km SSE of Sand Point, Alaska",earthquake,4,4.8,0.061,80,reviewed,us,us
2020-10-19T22:30:09.554Z,-6.264,155.1005,60.43,4.5,mb,,152,3.576,0.77,us,us6000cc2l,2020-10-28T03:57:12.040Z,"42 km W of Panguna, Papua New Guinea",earthquake,6.9,7.1,0.108,25,reviewed,us,us
2020-10-19T22:28:04.373Z,54.2719,-159.7757,30.38,4.5,mb,,77,0.57,1.04,us,us6000c9nc,2020-10-28T03:53:58.040Z,"127 km SSE of Sand Point, Alaska",earthquake,5.1,4.3,0.051,115,reviewed,us,us
2020-10-19T22:20:11.726Z,54.5213,-159.657,28.28,4.8,mb,,78,0.312,1.05,us,us6000c9mz,2020-10-28T03:45:49.040Z,"105 km SSE of Sand Point, Alaska",earthquake,4.6,4.6,0.045,154,reviewed,us,us
2020-10-19T21:57:59.941Z,-17.4202,-178.4222,563.93,4.5,mb,,155,3.108,0.85,us,us6000c9mi,2020-10-27T23:33:04.040Z,"250 km ENE of Levuka, Fiji",earthquake,9.7,11.6,0.11,24,reviewed,us,us
2020-10-19T21:54:19.536Z,54.3873,-159.567,20.88,4.5,mb,,70,0.444,0.72,us,us6000cc2k,2020-10-27T23:28:42.040Z,"121 km SSE of Sand Point, Alaska",earthquake,3.5,6.1,0.124,19,reviewed,us,us
2020-10-19T21:52:32.174Z,77.188,7.9235,10,4.9,mb,,123,2.066,0.99,us,us6000cc2i,2020-10-27T23:13:33.040Z,"216 km SW of Longyearbyen, Svalbard and Jan Mayen",earthquake,6.3,1.7,0.123,21,reviewed,us,us
2020-10-19T21:51:35.391Z,54.4506,-159.7382,28.29,4.6,mb,,133,0.39,1.13,us,us6000cc2x,2020-10-27T23:06:01.040Z,"110 km SSE of Sand Point, Alaska",earthquake,2.2,6.4,0.224,6,reviewed,us,us
2020-10-19T21:45:25.888Z,54.3459,-159.859,24.45,5.9,mww,,65,0.51,0.94,us,us6000c9lf,2020-10-27T23:41:09.247Z,"117 km SSE of Sand Point, Alaska",earthquake,4.3,3.2,0.071,19,reviewed,us,us
2020-10-19T21:43:33.929Z,54.4016,-159.6912,21.46,4.5,mb,,93,0.434,1.12,us,us6000c9lc,2020-10-27T22:44:41.040Z,"116 km SSE of Sand Point, Alaska",earthquake,5.6,5.1,0.092,35,reviewed,us,us
2020-10-19T21:34:38.362Z,54.4564,-159.6267,27.84,5.1,mb,,172,0.376,0.92,us,us6000cc2g,2020-10-27T21:48:30.040Z,"112 km SSE of Sand Point, Alaska",earthquake,4.6,4.3,0.086,44,reviewed,us,us
2020-10-19T21:32:21.632Z,54.3239,-159.7215,25.94,5.5,mb,,116,0.514,0.73,us,us6000c9km,2020-10-27T22:39:57.976Z,"123 km SSE of Sand Point, Alaska",earthquake,4.8,4.3,0.041,208,reviewed,us,us
2020-10-19T21:30:43.431Z,54.6472,-159.6395,32.85,4.7,mb,,98,0.186,0.7,us,us6000cc2f,2020-10-27T21:22:48.040Z,"94 km SE of Sand Point, Alaska",earthquake,3.1,4.9,0.106,27,reviewed,us,us
2020-10-19T21:22:29.175Z,54.3892,-159.8511,25.12,5.2,mb,,127,0.468,0.86,us,us6000c9kj,2020-10-27T04:34:06.986Z,"113 km SSE of Sand Point, Alaska",earthquake,4,4.6,0.079,53,reviewed,us,us
2020-10-19T21:21:16.419Z,54.3393,-159.8522,21.8,4.5,mb,,137,0.516,1.08,us,us6000cc2d,2020-10-27T04:25:12.040Z,"118 km SSE of Sand Point, Alaska",earthquake,6.4,6.1,0.163,11,reviewed,us,us
2020-10-19T21:17:21.339Z,54.5855,-159.5441,38.19,4.6,mb,,84,0.247,0.98,us,us6000cc2w,2020-10-27T00:01:28.040Z,"103 km SE of Sand Point, Alaska",earthquake,7.1,4.5,0.193,8,reviewed,us,us
2020-10-19T21:14:15.357Z,54.3798,-159.6101,20.04,5,mb,,93,0.452,0.98,us,us6000cc2q,2020-10-26T23:28:01.040Z,"120 km SSE of Sand Point, Alaska",earthquake,5.2,4.4,0.118,23,reviewed,us,us
2020-10-19T21:06:20.397Z,54.5073,-159.729,26.24,5.7,mb,,150,0.334,0.66,us,us6000c9lb,2020-10-26T03:24:03.860Z,"104 km SSE of Sand Point, Alaska",earthquake,6.5,4.6,0.1,36,reviewed,us,us
2020-10-19T21:05:57.882Z,54.457,-159.6139,26.87,5.7,mb,,135,0.375,0.84,us,us6000c9kb,2020-10-26T03:14:09.024Z,"113 km SSE of Sand Point, Alaska",earthquake,3.9,5.1,0.085,50,reviewed,us,us
2020-10-19T21:04:52.164Z,54.6071,-159.6882,20.61,4.5,ml,,211,0.231,0.43,us,us6000ccg4,2020-10-26T02:57:19.040Z,"96 km SSE of Sand Point, Alaska",earthquake,3.9,6.1,0.105,12,reviewed,us,us
2020-10-19T20:59:04.980Z,8.1367,126.8607,70.91,4.6,mb,,132,1.654,1.15,us,us6000cc2c,2020-10-23T15:37:23.040Z,"Mindanao, Philippines",earthquake,8.9,8.5,0.122,20,reviewed,us,us
2020-10-19T20:54:39.951Z,54.6172,-159.6352,35.41,7.6,mww,,36,0.215,0.78,us,us6000c9hg,2020-10-24T05:32:06.894Z,"97 km SE of Sand Point, Alaska",earthquake,5.2,3.3,0.021,213,reviewed,us,us
2020-10-19T19:57:15.407Z,-8.074,108.1948,60.09,4.5,mb,,52,0.812,1.28,us,us6000c9h5,2020-10-23T16:28:12.040Z,"76 km S of Kawalu, Indonesia",earthquake,4.6,6.4,0.089,37,reviewed,us,us
2020-10-19T18:51:06.968Z,-10.2321,161.2077,100.02,4.5,mb,,104,1.471,0.96,us,us6000c9gz,2020-10-23T16:26:03.040Z,"81 km WNW of Kirakira, Solomon Islands",earthquake,4.9,5.6,0.062,77,reviewed,us,us
2020-10-19T16:09:29.547Z,-9.8672,108.7213,10,4.5,mww,,104,2.613,0.57,us,us6000c9g3,2020-10-25T16:12:28.040Z,"253 km SSW of Kroya, Indonesia",earthquake,8.4,1.8,0.098,10,reviewed,us,us
2020-10-19T15:43:47.290Z,28.2955,105.0099,37.42,4.5,mb,,52,4.386,0.69,us,us6000cc25,2020-10-25T15:08:56.040Z,"33 km ESE of Xunchang, China",earthquake,8.1,6.5,0.118,21,reviewed,us,us
2020-10-19T15:04:56.573Z,-33.7895,179.8214,22.62,4.5,mb,,135,3.961,0.86,us,us6000cc24,2020-10-25T14:40:39.040Z,"south of the Kermadec Islands",earthquake,9.8,6.4,0.14,15,reviewed,us,us
2020-10-19T14:11:57.710Z,-7.1522,126.6203,370.52,5.2,mww,,27,3.479,0.75,us,us6000c9f0,2020-10-25T14:14:20.664Z,"147 km N of Baukau, Timor Leste",earthquake,7.2,4.9,0.078,16,reviewed,us,us
2020-10-19T13:18:52.351Z,-10.7872,-74.5704,50.34,4.6,mb,,72,2.526,0.62,us,us6000c9ew,2020-10-25T13:31:03.040Z,"37 km ENE of Santa Rosa, Peru",earthquake,7.5,6.1,0.086,40,reviewed,us,us
2020-10-19T12:20:55.769Z,-52.9532,25.622,10,4.9,mb,,79,18.124,0.54,us,us6000c9en,2020-10-19T12:39:38.040Z,"south of Africa",earthquake,7.7,1.9,0.098,33,reviewed,us,us
2020-10-19T10:17:39.621Z,39.5085,72.7523,10,4.5,mb,,116,0.733,1.33,us,us6000c9e4,2020-10-20T08:22:20.040Z,"41 km E of Kyzyl-Eshme, Kyrgyzstan",earthquake,5.6,1.9,0.15,13,reviewed,us,us
2020-10-19T09:48:18.762Z,25.0563,123.547,10,4.5,mb,,95,0.762,0.52,us,us6000cc1w,2020-10-26T08:31:35.040Z,"85 km NE of Yonakuni, Japan",earthquake,3.1,1.9,0.157,13,reviewed,us,us
2020-10-19T09:42:54.977Z,-3.4302,100.2519,36.77,5.1,mb,,112,2.851,0.68,us,us6000c9dx,2020-10-19T10:02:13.040Z,"197 km SW of Sungai Penuh, Indonesia",earthquake,8.1,7.5,0.108,28,reviewed,us,us
2020-10-19T09:38:49.003Z,2.8589,96.2994,12.76,5.1,mww,,84,2.003,1.34,us,us6000c9du,2020-10-19T09:55:19.040Z,"42 km NNW of Sinabang, Indonesia",earthquake,7,4.5,0.093,11,reviewed,us,us
2020-10-19T09:00:49.134Z,19.1128,-69.5816,10,4.6,mb,,136,0.374,1.28,us,us6000c9dc,2020-10-19T19:16:21.021Z,"13 km SSE of Sánchez, Dominican Republic",earthquake,4.3,2,0.033,270,reviewed,us,us
2020-10-19T08:22:06.597Z,-0.0831,125.8241,10,4.7,mb,,51,1.76,0.89,us,us6000c9d2,2020-10-19T08:42:07.040Z,"184 km SSE of Tondano, Indonesia",earthquake,6.6,1.9,0.082,45,reviewed,us,us
2020-10-19T08:14:04.901Z,-3.4128,100.3722,10,4.8,mb,,69,2.744,0.6,us,us6000c9cy,2020-10-19T08:30:00.040Z,"188 km SW of Sungai Penuh, Indonesia",earthquake,5.9,1.5,0.087,41,reviewed,us,us
2020-10-19T07:47:20.478Z,-3.3834,100.3424,10,5.5,mww,,40,2.782,0.62,us,us6000c9cs,2020-10-20T13:04:47.040Z,"187 km SW of Sungai Penuh, Indonesia",earthquake,5.2,1.8,0.098,10,reviewed,us,us
2020-10-19T07:31:28.949Z,-3.3688,100.2689,10,5.6,mww,,48,2.856,0.65,us,us6000c9ci,2020-10-20T07:34:34.727Z,"191 km SW of Sungai Penuh, Indonesia",earthquake,5.7,1.8,0.098,10,reviewed,us,us
2020-10-19T06:25:24.522Z,24.3517,-108.9964,10,4.6,mb,,185,3.958,1.11,us,us6000c9bs,2020-10-19T07:09:38.040Z,"102 km NE of Los Barriles, Mexico",earthquake,9.2,1.9,0.041,175,reviewed,us,us
2020-10-19T03:24:17.226Z,16.2099,-86.9818,10,4.5,mb,,60,2.158,1.01,us,us6000c9as,2020-10-26T01:16:31.068Z,"46 km WSW of Sandy Bay, Honduras",earthquake,6.4,1.8,0.053,104,reviewed,us,us
2020-10-19T01:06:36.747Z,1.0329,126.8952,73.46,4.6,mb,,81,0.538,0.75,us,us6000cc1f,2020-10-25T22:50:09.040Z,"60 km WNW of Ternate, Indonesia",earthquake,7,6,0.075,53,reviewed,us,us
2020-10-18T22:48:50.047Z,-3.3926,100.2572,10,5.1,mb,,73,2.858,0.71,us,us6000c99g,2020-10-19T03:42:03.040Z,"194 km SW of Sungai Penuh, Indonesia",earthquake,6.9,1.8,0.072,63,reviewed,us,us
2020-10-18T20:20:36.186Z,-5.7144,146.5885,109.32,4.5,mb,,141,3.709,1.33,us,us6000cbh5,2020-10-24T19:27:31.040Z,"102 km NE of Kainantu, Papua New Guinea",earthquake,12.9,10.2,0.113,23,reviewed,us,us
2020-10-18T16:54:06.197Z,-27.3036,-70.8838,31.65,4.9,mb,,118,0.174,0.84,us,us6000c980,2020-10-22T19:59:57.366Z,"55 km W of Copiapó, Chile",earthquake,3.9,1.9,0.106,28,reviewed,us,us
2020-10-18T16:24:08.398Z,-23.963,-179.7872,505.74,4.6,mb,,99,5.517,0.67,us,us6000c97x,2020-10-22T19:40:55.040Z,"south of the Fiji Islands",earthquake,12.3,8.1,0.08,47,reviewed,us,us
2020-10-18T14:00:44.630Z,11.827,-87.578,24.93,4.5,mb,,173,1.021,0.82,us,us6000cbh1,2020-10-22T16:58:15.040Z,"84 km SSW of Corinto, Nicaragua",earthquake,6.9,7.6,0.124,19,reviewed,us,us
2020-10-18T09:42:31.386Z,-16.6309,-177.2712,10,5.1,mww,,123,2.45,0.5,us,us6000c95r,2020-10-18T10:00:44.040Z,"272 km SSE of Alo, Wallis and Futuna",earthquake,10.9,1.9,0.098,10,reviewed,us,us
2020-10-18T06:58:29.485Z,-3.8992,-81.8401,10,5.5,mww,,48,4.59,0.82,us,us6000c950,2020-10-19T17:47:31.520Z,"80 km WNW of El Alto, Peru",earthquake,7.6,1.8,0.039,62,reviewed,us,us
2020-10-18T06:07:03.942Z,17.5059,145.4194,483.88,4.5,mb,,33,2.28,0.7,us,us6000c94r,2020-10-18T06:27:12.040Z,"256 km N of Saipan, Northern Mariana Islands",earthquake,10.6,6.3,0.031,302,reviewed,us,us
2020-10-18T06:01:38.620Z,2.5228,128.225,56.99,4.7,mb,,69,1.939,0.56,us,us6000c94q,2020-10-18T06:57:58.040Z,"91 km NNE of Tobelo, Indonesia",earthquake,8.4,7,0.063,77,reviewed,us,us
2020-10-18T05:46:54.992Z,11.1513,125.9177,35,4.8,mb,,134,4.069,0.57,us,us6000c94l,2020-10-18T06:10:00.185Z,"25 km ENE of Guiuan, Philippines",earthquake,6.6,2,0.086,42,reviewed,us,us
2020-10-18T04:12:11.396Z,11.4128,-85.8018,158.22,4.5,mb,,86,0.354,0.93,us,us6000c93i,2020-10-21T00:47:42.040Z,"3 km SE of Rivas, Nicaragua",earthquake,6.4,4.8,0.038,199,reviewed,us,us
2020-10-18T03:51:10.037Z,-0.3249,122.9749,82.17,4.5,mb,,48,0.74,1.16,us,us6000cbgc,2020-10-22T23:54:37.040Z,"72 km NNE of Luwuk, Indonesia",earthquake,7.3,10.1,0.135,16,reviewed,us,us
2020-10-18T03:28:38.497Z,-28.8791,-178.4505,219.18,4.8,mb,,65,0.584,0.62,us,us6000c92z,2020-10-18T04:36:03.040Z,"Kermadec Islands region",earthquake,11.8,6.1,0.044,160,reviewed,us,us
2020-10-18T02:33:04.343Z,-15.3386,-173.7306,63.5,4.6,mb,,94,5.198,0.84,us,us6000cbga,2020-10-22T22:41:53.040Z,"68 km N of Hihifo, Tonga",earthquake,12.2,4.2,0.125,19,reviewed,us,us
2020-10-18T00:57:36.651Z,-28.2815,-68.7512,110.12,4.5,mb,,41,1.449,0.74,us,us6000c92h,2020-10-28T01:01:17.572Z,"75 km NW of Vinchina, Argentina",earthquake,6.4,6.5,0.092,35,reviewed,us,us
2020-10-18T00:05:11.076Z,-62.3472,-58.3987,10,5.2,mww,,85,0.165,0.6,us,us6000c92a,2020-10-27T23:13:28.040Z,"South Shetland Islands",earthquake,3.8,1.6,0.08,15,reviewed,us,us
2020-10-17T20:58:31.858Z,-6.0607,122.5599,10,4.5,mb,,59,2.578,0.7,us,us6000c91p,2020-10-25T03:52:05.040Z,"124 km S of Katabu, Indonesia",earthquake,6.9,1.8,0.113,23,reviewed,us,us
2020-10-17T17:54:58.673Z,-3.2626,100.301,9.93,5.2,mww,,46,2.864,0.72,us,us6000c90z,2020-10-21T17:56:19.040Z,"180 km SW of Sungai Penuh, Indonesia",earthquake,5.3,3.1,0.08,15,reviewed,us,us
2020-10-17T17:21:07.815Z,54.1004,86.288,10,4.6,mb,,36,0.88,0.65,us,us6000c90v,2020-10-23T19:20:28.229Z,"2 km S of Artyshta, Russia",earthquake,6,1.9,0.06,88,reviewed,us,us
2020-10-17T14:58:16.090Z,4.5963,125.8196,173.63,4.6,mb,,116,2.468,0.52,us,us6000c8zz,2020-10-23T03:19:00.675Z,"97 km SSE of Sarangani, Philippines",earthquake,10.2,10.4,0.133,17,reviewed,us,us
2020-10-17T14:19:37.018Z,-31.357,-177.6871,10,4.8,mb,,116,2.115,0.98,us,us6000c8zt,2020-10-17T14:44:51.040Z,"Kermadec Islands region",earthquake,6,1.9,0.131,18,reviewed,us,us
2020-10-17T10:49:20.523Z,-54.6267,-132.9391,10,5.4,mww,,73,29.597,0.74,us,us6000c8z4,2020-10-19T16:13:08.040Z,"Pacific-Antarctic Ridge",earthquake,11.8,1.8,0.093,11,reviewed,us,us
2020-10-17T10:46:12.842Z,10.8712,-63.7634,10,4.5,mb,,98,4.546,0.48,us,us6000c8z7,2020-10-17T20:22:09.932Z,"15 km SE of Porlamar, Venezuela",earthquake,6.3,1.9,0.191,8,reviewed,us,us
2020-10-17T05:44:31.110Z,1.5428,126.5166,55.9,4.7,mb,,97,1.144,0.86,us,us6000c8xd,2020-10-18T04:36:49.040Z,"127 km NW of Ternate, Indonesia",earthquake,4.2,8,0.102,29,reviewed,us,us
2020-10-17T05:19:09.847Z,-19.5111,-173.2166,10,4.9,mb,,131,17.679,0.34,us,us6000c8x9,2020-10-17T06:06:40.040Z,"123 km ENE of Pangai, Tonga",earthquake,9.9,1.9,0.102,30,reviewed,us,us
2020-10-17T04:48:04.915Z,45.366,150.0054,60,5.2,mb,,118,5.279,0.85,us,us6000c8x1,2020-10-17T05:07:08.040Z,"167 km E of Kuril’sk, Russia",earthquake,9.3,6.6,0.022,652,reviewed,us,us
2020-10-17T04:46:24.908Z,-16.4818,-73.5168,45.23,4.7,mb,,148,3.708,0.81,us,us6000c8x0,2020-10-17T05:25:11.244Z,"32 km SSE of Atico, Peru",earthquake,11.2,8.7,0.064,75,reviewed,us,us
2020-10-17T04:32:06.090Z,73.8472,8.5877,10,4.6,mb,,85,4.738,1.29,us,us6000c8wy,2020-10-17T04:51:45.040Z,"Greenland Sea",earthquake,5.7,1.9,0.151,14,reviewed,us,us
2020-10-17T02:37:33.247Z,-6.0364,130.4384,143.33,4.6,mb,,72,2.113,0.79,us,us6000c8wk,2020-10-17T02:51:53.040Z,"260 km W of Tual, Indonesia",earthquake,9.3,8.4,0.12,21,reviewed,us,us
2020-10-17T00:36:01.135Z,-3.3122,100.2844,10,5.1,mww,,53,2.861,0.85,us,us6000c8w6,2020-10-17T00:55:15.040Z,"185 km SW of Sungai Penuh, Indonesia",earthquake,6.8,1.8,0.098,10,reviewed,us,us
2020-10-16T21:30:54.002Z,-62.3557,-58.0966,10,4.7,mb,,69,0.29,0.86,us,us6000c8vb,2020-10-16T21:45:07.040Z,"South Shetland Islands",earthquake,6.3,1.9,0.113,24,reviewed,us,us
2020-10-16T20:06:27.817Z,13.6651,120.2743,63.07,5.4,mww,,27,3.868,0.89,us,us6000c8v2,2020-10-19T12:30:29.182Z,"6 km SSE of Looc, Philippines",earthquake,6.9,4.7,0.066,22,reviewed,us,us
2020-10-16T19:05:00.222Z,-23.3246,179.1753,559.13,4.7,mb,,134,5.65,1,us,us6000c8uv,2020-10-16T19:21:16.040Z,"south of the Fiji Islands",earthquake,14.1,8.7,0.051,118,reviewed,us,us
2020-10-16T12:06:08.551Z,-62.3681,-58.5066,10,4.9,mb,,106,0.15,0.7,us,us6000c8ri,2020-10-16T12:29:58.040Z,"South Shetland Islands",earthquake,5.6,1.9,0.119,22,reviewed,us,us
2020-10-16T10:10:53.325Z,36.6356,71.2304,222.2,4.9,mww,,56,2.747,0.93,us,us6000c8qv,2020-10-16T10:29:19.040Z,"27 km W of Ashkāsham, Afghanistan",earthquake,6.6,6.2,0.093,11,reviewed,us,us
2020-10-16T06:25:45.140Z,-11.6566,166.8336,230.9,4.7,mb,,73,7.12,0.5,us,us6000c8pr,2020-10-16T06:43:24.040Z,"153 km SE of Lata, Solomon Islands",earthquake,11.1,7.8,0.071,60,reviewed,us,us
2020-10-16T05:45:40.136Z,-5.3448,101.7916,27.16,4.5,mb,,112,1.517,0.51,us,us6000c8pm,2020-10-16T06:10:49.040Z,"178 km SSW of Bengkulu, Indonesia",earthquake,7.7,6.3,0.172,10,reviewed,us,us
2020-10-16T01:31:53.495Z,-57.1004,-25.0381,54.45,4.6,mb,,196,7.06,0.64,us,us6000caq6,2020-10-21T21:59:14.040Z,"South Sandwich Islands region",earthquake,15.3,2.2,0.119,21,reviewed,us,us
2020-10-16T00:32:45.680Z,10.4529,122.2611,35,4.8,mb,,98,4.696,0.7,us,us6000c8ms,2020-10-16T06:11:25.185Z,"19 km SE of San Joaquin, Philippines",earthquake,8.6,1.2,0.076,53,reviewed,us,us
2020-10-16T00:08:23.404Z,8.1153,-37.947,10,5,mb,,43,14,0.67,us,us6000c8mg,2020-10-16T00:38:07.040Z,"central Mid-Atlantic Ridge",earthquake,9.3,1.8,0.024,545,reviewed,us,us
2020-10-15T22:06:27.755Z,-3.4216,100.0797,10,4.5,mb,,166,3.017,0.97,us,us6000c8m0,2020-10-15T22:34:22.040Z,"209 km SW of Sungai Penuh, Indonesia",earthquake,9.9,1.9,0.15,13,reviewed,us,us
2020-10-15T15:19:20.264Z,5.2303,127.1073,95.56,4.5,mb,,111,2.376,0.65,us,us6000c8jm,2020-10-15T15:40:55.040Z,"161 km SE of Pondaguitan, Philippines",earthquake,7.8,3,0.099,34,reviewed,us,us
2020-10-15T14:09:33.428Z,-31.1781,-177.902,10,4.7,mb,,181,1.926,1.12,us,us6000c8ik,2020-10-15T14:28:43.040Z,"Kermadec Islands region",earthquake,9.4,1.8,0.137,16,reviewed,us,us
2020-10-15T10:34:12.977Z,-3.2484,100.3297,25.38,4.9,mb,,130,2.843,0.77,us,us6000c8hl,2020-10-15T10:51:00.040Z,"176 km SW of Sungai Penuh, Indonesia",earthquake,9.5,6.1,0.106,28,reviewed,us,us
2020-10-15T09:41:15.328Z,-3.2272,100.3277,10,5.2,mww,,46,2.853,1.16,us,us6000c8hc,2020-10-16T22:16:19.265Z,"175 km SW of Sungai Penuh, Indonesia",earthquake,7.1,1.8,0.065,23,reviewed,us,us
2020-10-15T08:51:35.946Z,7.2276,126.3166,10,4.6,mb,,39,0.748,0.69,us,us6000c8h6,2020-10-16T12:47:23.040Z,"Mindanao, Philippines",earthquake,6.5,1.9,0.077,50,reviewed,us,us
2020-10-15T07:00:19.348Z,-31.415,-177.7361,10,5.1,mb,,75,6.947,0.95,us,us6000c8g3,2020-10-15T07:21:01.040Z,"Kermadec Islands region",earthquake,10.5,1.8,0.055,107,reviewed,us,us
2020-10-15T04:59:52.455Z,3.946,95.8615,44.82,4.9,mww,,83,1.671,0.64,us,us6000c8fj,2020-10-19T03:11:30.040Z,"36 km SW of Meulaboh, Indonesia",earthquake,7.9,6.2,0.093,11,reviewed,us,us
2020-10-15T04:26:12.137Z,-7.5301,128.0855,156.54,4.5,mb,,56,3.215,0.82,us,us6000c8fa,2020-10-19T02:33:28.040Z,"162 km NE of Lospalos, Timor Leste",earthquake,7.7,3.5,0.095,33,reviewed,us,us
2020-10-15T02:20:09.999Z,-31.5766,-68.8189,102.64,4.9,mww,,40,0.119,1.01,us,us6000c8ev,2020-10-19T00:35:11.464Z,"8 km WSW of Villa Basilio Nievas, Argentina",earthquake,6.9,4.3,0.057,30,reviewed,us,us
2020-10-15T01:20:28.026Z,-17.0306,-173.8051,57.76,4.8,mb,,136,4.212,0.77,us,us6000c8el,2020-10-18T23:50:18.040Z,"119 km S of Hihifo, Tonga",earthquake,14.8,9.6,0.103,29,reviewed,us,us
2020-10-14T23:18:27.231Z,-31.7188,-68.1737,111.34,4.5,mwr,,42,0.126,1.02,us,us6000c8dv,2020-10-24T00:20:37.127Z,"12 km SE of Caucete, Argentina",earthquake,7.7,3.5,0.052,36,reviewed,us,us
2020-10-14T20:16:27.173Z,1.1089,126.8504,65.2,4.7,mb,,82,0.615,0.82,us,us6000c8bt,2020-10-22T18:04:03.040Z,"69 km WNW of Ternate, Indonesia",earthquake,5.8,5.2,0.057,94,reviewed,us,us
2020-10-14T19:19:21.749Z,-5.9511,-76.7347,10.94,4.6,mb,,88,2.025,0.96,us,us6000c9yk,2020-10-23T17:39:02.040Z,"27 km ENE of Moyobamba, Peru",earthquake,4.6,4.1,0.058,89,reviewed,us,us
2020-10-14T18:37:25.517Z,-15.8126,-174.7901,10,4.8,mb,,123,3.469,0.78,us,us6000c9yi,2020-10-22T18:55:47.040Z,"107 km W of Hihifo, Tonga",earthquake,11.6,1.8,0.056,99,reviewed,us,us
2020-10-14T18:35:10.810Z,-16.1897,-174.7988,10,4.5,mb,,66,5.46,0.91,us,us6000c9yj,2020-10-23T17:27:28.040Z,"110 km WSW of Hihifo, Tonga",earthquake,5.9,1.9,0.115,22,reviewed,us,us
2020-10-14T15:28:38.063Z,-10.1578,66.2885,10,5.1,mww,,61,6.602,0.75,us,us6000c8av,2020-10-21T02:59:31.040Z,"Mid-Indian Ridge",earthquake,10.9,1.8,0.078,16,reviewed,us,us
2020-10-14T15:27:27.373Z,-59.6335,-24.8886,10,4.9,mb,,95,8.295,0.68,us,us6000c8ae,2020-10-21T02:53:46.040Z,"South Sandwich Islands region",earthquake,12.1,1.8,0.094,37,reviewed,us,us
2020-10-14T11:06:17.693Z,27.3958,54.4725,10,4.6,mb,,66,2.894,0.54,us,us6000c886,2020-10-14T11:20:40.040Z,"45 km SE of Gerāsh, Iran",earthquake,5.8,1.6,0.089,38,reviewed,us,us
2020-10-14T08:55:13.563Z,-30.5483,-178.9744,197.42,4.5,mb,,137,1.584,0.75,us,us6000c87p,2020-10-14T11:24:29.040Z,"Kermadec Islands, New Zealand",earthquake,10.7,10.5,0.115,22,reviewed,us,us
2020-10-14T06:56:18.562Z,14.0084,-92.1207,61.11,4.5,mb,,187,0.658,1.18,us,us6000c86y,2020-10-14T07:35:11.040Z,"38 km SW of Champerico, Guatemala",earthquake,8.4,9.6,0.033,263,reviewed,us,us
2020-10-13T22:22:05.971Z,-41.5814,84.7184,10,4.5,mb,,125,44.48,0.45,us,us6000c8ts,2020-10-21T02:38:13.040Z,"southeast Indian Ridge",earthquake,11.5,1.9,0.18,9,reviewed,us,us
2020-10-13T21:09:25.790Z,-8.3356,-74.2253,154.67,4.8,mb,,71,1.621,0.84,us,us6000c83n,2020-10-20T05:02:01.781Z,"35 km ENE of San Fernando, Peru",earthquake,7,5.6,0.049,130,reviewed,us,us
2020-10-13T17:16:15.671Z,-26.1418,-71.1264,10,4.8,mwr,,99,0.474,1.09,us,us6000c826,2020-10-23T18:57:01.040Z,"103 km SW of Taltal, Chile",earthquake,4.1,1.8,0.051,37,reviewed,us,us
2020-10-13T16:32:46.848Z,-37.0845,-96.0912,10,4.7,mb,,113,15.009,0.6,us,us6000c8tk,2020-10-19T14:58:31.040Z,"southeast of Easter Island",earthquake,6.8,1.9,0.063,76,reviewed,us,us
2020-10-13T13:16:03.261Z,33.4822,141.0612,47.7,4.8,mb,,85,1.106,0.47,us,us6000c806,2020-10-19T13:15:18.040Z,"196 km SSE of Katsuura, Japan",earthquake,7.1,2,0.037,228,reviewed,us,us
2020-10-13T09:29:52.875Z,13.9313,56.8941,10,5.3,mww,,44,10.976,1.26,us,us6000c7zb,2020-10-14T09:32:35.790Z,"Socotra region",earthquake,10,1.8,0.075,17,reviewed,us,us
2020-10-13T06:49:05.251Z,11.3164,125.6533,62.68,4.7,mb,,52,4.22,0.63,us,us6000c7yq,2020-10-13T19:19:25.771Z,"3 km ESE of Hernani, Philippines",earthquake,7.6,5.5,0.05,123,reviewed,us,us
2020-10-13T05:19:46.121Z,-15.1866,-71.7658,181.12,4.6,mb,,121,3.243,1.11,us,us6000c7xy,2020-10-13T07:12:35.040Z,"38 km WNW of Tisco, Peru",earthquake,8.7,11,0.145,14,reviewed,us,us
2020-10-13T04:35:58.616Z,19.8537,121.3389,34.1,4.5,mb,,81,2.959,0.56,us,us6000c7xm,2020-10-18T01:29:12.485Z,"93 km SW of Basco, Philippines",earthquake,9.7,5.5,0.093,34,reviewed,us,us
2020-10-13T00:30:01.149Z,-23.105,-69.3195,96.62,4.6,mwr,,74,0.46,1.17,us,us6000c7w7,2020-10-13T01:04:37.416Z,"82 km SSW of Calama, Chile",earthquake,2.5,5.9,,,reviewed,us,guc
2020-10-12T23:49:48.476Z,-19.3287,169.4053,210.7,4.9,mb,,85,2.499,0.85,us,us6000c7vz,2020-10-13T00:16:07.040Z,"26 km NNE of Isangel, Vanuatu",earthquake,5.5,7.4,0.05,124,reviewed,us,us
2020-10-12T23:09:29.493Z,-2.2175,-77.2793,69.81,4.5,mb,,139,1.914,0.42,us,us6000c7vx,2020-10-12T23:54:50.560Z,"93 km E of Macas, Ecuador",earthquake,11.9,10.4,0.07,59,reviewed,us,us
2020-10-12T21:02:56.355Z,-16.4785,-70.9327,129.45,5,mb,,95,1.775,1.23,us,us6000c7v8,2020-10-20T04:32:26.040Z,"11 km SW of Ubinas, Peru",earthquake,6.2,5.4,0.051,124,reviewed,us,us
2020-10-12T19:21:40.276Z,9.7721,126.0146,91.55,4.8,mb,,73,2.719,1.17,us,us6000c7un,2020-10-13T06:53:31.231Z,"4 km WNW of Dapa, Philippines",earthquake,8.7,6.9,0.051,118,reviewed,us,us
2020-10-12T18:41:58.628Z,-4.7433,152.1177,109.24,4.9,mb,,28,0.443,0.86,us,us6000c7uj,2020-10-22T14:46:21.040Z,"47 km SSW of Kokopo, Papua New Guinea",earthquake,6.9,4.4,0.045,152,reviewed,us,us
2020-10-12T14:49:46.954Z,-16.5825,-173.6953,49.19,4.7,mb,,69,3.236,0.94,us,us6000c8sr,2020-10-18T19:27:46.040Z,"70 km S of Hihifo, Tonga",earthquake,5.3,5.5,0.195,8,reviewed,us,us
2020-10-12T13:38:50.607Z,15.0306,119.0772,10,4.6,mb,,107,2.834,0.56,us,us6000c8sw,2020-10-18T19:04:57.040Z,"99 km WSW of Palauig, Philippines",earthquake,10.7,1.9,0.084,42,reviewed,us,us
2020-10-12T11:47:17.477Z,39.5951,52.021,38.89,4.9,mb,,81,5.628,0.8,us,us6000c7ra,2020-10-12T13:02:14.040Z,"92 km WSW of Türkmenbaşy, Turkmenistan",earthquake,7.3,3.6,0.053,112,reviewed,us,us
2020-10-12T07:03:07.176Z,14.7958,-93.6592,28.99,4.9,mwr,,131,1.92,0.66,us,us6000c7qe,2020-10-12T07:25:45.040Z,"89 km SW of La Esperanza (El Zapotal), Mexico",earthquake,7.6,4.1,0.098,10,reviewed,us,us
2020-10-12T06:06:56.568Z,14.6237,-91.6601,100.49,5.1,mww,,96,0.104,1.19,us,us6000c7q4,2020-10-15T04:47:48.040Z,"4 km NE of Nuevo San Carlos, Guatemala",earthquake,6.9,5.4,0.089,12,reviewed,us,us
2020-10-12T04:17:33.941Z,14.6979,-93.7668,10,4.9,mb,,92,2.013,0.89,us,us6000c8s9,2020-10-19T02:28:50.040Z,"105 km SW of La Esperanza (El Zapotal), Mexico",earthquake,8.8,1.9,0.081,48,reviewed,us,us
2020-10-12T04:14:27.349Z,14.5516,-93.5574,10,5.4,mb,,87,1.803,0.91,us,us6000c8sb,2020-10-19T02:04:53.040Z,"107 km SSW of La Esperanza (El Zapotal), Mexico",earthquake,9.2,1.8,0.083,50,reviewed,us,us
2020-10-12T04:13:53.529Z,14.8541,-93.5861,18,5.5,mww,,63,1.859,0.81,us,us6000c7ne,2020-10-19T01:43:31.428Z,"79 km SW of La Esperanza (El Zapotal), Mexico",earthquake,4.7,1.7,0.055,32,reviewed,us,us
2020-10-12T04:11:27.481Z,35.6404,26.2291,10,5.2,mww,,30,0.765,1.04,us,us6000c7nd,2020-10-19T01:20:23.409Z,"49 km N of Palekastro, Greece",earthquake,4.4,1.8,0.05,38,reviewed,us,us
2020-10-12T00:39:58.822Z,-62.4834,-58.2227,10,4.9,mb,,92,1.075,0.83,us,us6000c7md,2020-10-12T01:05:38.040Z,"South Shetland Islands",earthquake,4.8,2,0.12,23,reviewed,us,us
2020-10-12T00:30:40.095Z,35.5926,26.2207,10,5.1,mww,,44,0.768,0.99,us,us6000c7m8,2020-10-12T21:45:56.311Z,"43 km N of Palekastro, Greece",earthquake,4.4,1.8,0.05,38,reviewed,us,us
2020-10-12T00:28:31.490Z,29.4554,139.3662,407.74,5.1,mww,,32,5.302,0.81,us,us6000c7m7,2020-10-12T21:39:44.040Z,"Izu Islands, Japan region",earthquake,8.8,5.7,0.098,10,reviewed,us,us
2020-10-11T22:30:49.446Z,11.4412,-85.8148,153.27,4.5,mb,,85,0.382,0.46,us,us6000c7lw,2020-10-14T03:35:12.040Z,"1 km ENE of Rivas, Nicaragua",earthquake,7.4,5.1,0.075,52,reviewed,us,us
2020-10-11T18:47:54.750Z,-5.8243,153.6801,10,4.7,mb,,107,2.216,0.95,us,us6000c7l6,2020-10-11T19:09:25.040Z,"207 km WNW of Panguna, Papua New Guinea",earthquake,9.8,1.9,0.12,21,reviewed,us,us
2020-10-11T18:26:22.711Z,-24.0797,-66.9087,196.97,4.6,mb,,54,1.618,0.91,us,us6000c7l3,2020-10-11T18:43:38.040Z,"61 km WNW of San Antonio de los Cobres, Argentina",earthquake,8.7,5.1,0.123,20,reviewed,us,us
2020-10-11T16:34:01.301Z,-7.1509,155.0284,10,4.6,mb,,85,4.095,0.69,us,us6000c8j6,2020-10-18T15:54:26.040Z,"105 km SSW of Panguna, Papua New Guinea",earthquake,4.6,1.9,0.123,20,reviewed,us,us
2020-10-11T16:32:19.700Z,13.3381,146.1006,10,4.6,mb,,170,1.224,0.83,us,us6000c8ir,2020-10-18T14:07:59.040Z,"133 km E of Yigo Village, Guam",earthquake,5.1,2,0.158,12,reviewed,us,us
2020-10-11T14:41:21.222Z,-28.5584,-112.0701,10,5.7,mww,,60,2.717,1.06,us,us6000c7k9,2020-10-15T20:37:51.586Z,"Easter Island region",earthquake,11.1,1.8,0.073,18,reviewed,us,us
2020-10-11T13:58:42.930Z,42.0298,142.6571,68.32,4.5,mb,,95,0.372,0.67,us,us6000c7jx,2020-10-15T20:23:34.040Z,"41 km SE of Shizunai-furukawachō, Japan",earthquake,6.5,6.1,0.102,28,reviewed,us,us
2020-10-11T13:36:34.605Z,36.1993,70.9932,112.42,4.5,mb,,60,2.297,0.87,us,us6000c7jn,2020-10-15T20:17:30.522Z,"72 km SW of Ashkāsham, Afghanistan",earthquake,6.2,6.3,0.054,99,reviewed,us,us
2020-10-11T13:15:04.213Z,6.7857,-72.9701,153.14,4.8,mb,,59,2.35,0.82,us,us6000c8ij,2020-10-15T20:12:27.040Z,"3 km N of Cepitá, Colombia",earthquake,5.1,7.8,0.109,26,reviewed,us,us
2020-10-11T11:09:24.305Z,4.5136,96.6797,154.36,4.7,mb,,141,0.758,0.79,us,us6000c7iv,2020-10-22T07:46:41.040Z,"73 km ENE of Meulaboh, Indonesia",earthquake,8.7,6.8,0.08,47,reviewed,us,us
2020-10-11T06:54:53.668Z,13.1225,146.8908,10,4.7,mb,,121,2.022,0.52,us,us6000c7ht,2020-10-11T07:22:29.040Z,"221 km ESE of Yigo Village, Guam",earthquake,6,1.8,0.09,38,reviewed,us,us
2020-10-11T00:41:08.174Z,-14.1998,-72.9502,77.25,4.6,mb,,80,4.383,0.62,us,us6000c7f0,2020-10-23T05:23:51.040Z,"7 km ENE of Pachaconas, Peru",earthquake,5.1,6,0.091,36,reviewed,us,us
2020-10-10T20:58:37.114Z,-62.3293,-58.1804,10,5,mb,,68,0.243,0.78,us,us6000c7e4,2020-10-22T04:53:40.040Z,"South Shetland Islands",earthquake,5.3,1.8,0.088,41,reviewed,us,us
2020-10-10T20:22:27.940Z,4.7367,95.6557,89.03,4.5,mb,,130,1.376,0.88,us,us6000c7di,2020-10-21T04:48:11.040Z,"79 km SSW of Sigli, Indonesia",earthquake,7.1,6.3,0.066,67,reviewed,us,us
2020-10-10T17:38:00.874Z,24.6316,93.4817,54.6,5.4,mww,,22,0.846,0.59,us,us6000c7ce,2020-10-14T23:05:44.944Z,"33 km WNW of Moirāng, India",earthquake,6,5.2,0.069,20,reviewed,us,us
2020-10-10T17:19:51.744Z,-15.8034,167.9965,178.1,4.8,mb,,112,0.842,1.22,us,us6000c7cc,2020-10-10T17:37:22.040Z,"70 km ENE of Lakatoro, Vanuatu",earthquake,7.5,5.6,0.066,76,reviewed,us,us
2020-10-10T13:14:57.344Z,-28.5676,-112.3045,10,5.9,mww,,50,2.901,1.02,us,us6000c7b1,2020-10-11T13:18:49.581Z,"Easter Island region",earthquake,10.8,1.8,0.075,17,reviewed,us,us
2020-10-10T11:22:10.572Z,58.5157,-150.7842,45.5,4.7,ml,,,,1.21,ak,ak020d1vb29a,2020-10-23T17:30:49.427Z,"110 km SSE of Port Graham, Alaska",earthquake,,0.4,,,reviewed,ak,ak
2020-10-10T11:19:44.806Z,-52.4985,18.279,10,4.5,mb,,116,20.191,0.52,us,us6000c7bz,2020-10-17T06:49:54.040Z,"southwest of Africa",earthquake,13.9,1.8,0.163,11,reviewed,us,us
2020-10-10T10:43:04.580Z,-4.6942,102.6566,53.79,4.8,mb,,89,0.445,1.01,us,us6000c7ak,2020-10-10T10:59:41.040Z,"98 km SW of Pagar Alam, Indonesia",earthquake,5.4,6,0.085,43,reviewed,us,us
2020-10-10T09:08:43.197Z,-5.9987,122.5764,10,4.6,mb,,95,2.641,0.76,us,us6000c7a8,2020-10-10T09:28:12.040Z,"118 km S of Katabu, Indonesia",earthquake,7.2,1.9,0.107,26,reviewed,us,us
2020-10-10T06:48:42.137Z,-33.7317,-72.46,9.24,4.5,mwr,,175,0.986,0.32,us,us6000c79c,2020-10-22T07:30:36.598Z,"80 km W of San Antonio, Chile",earthquake,2.6,5.1,0.055,32,reviewed,us,us
2020-10-10T06:41:26.665Z,51.9021,-169.5992,10,4.9,mb,,184,0.889,1.22,us,us6000c792,2020-10-23T17:25:20.624Z,"Fox Islands, Aleutian Islands, Alaska",earthquake,4.7,1.9,0.078,52,reviewed,us,us
2020-10-10T03:40:45.170Z,-35.252,53.9102,10,5,mww,,76,11.865,0.58,us,us6000c77u,2020-10-10T04:20:16.040Z,"Southwest Indian Ridge",earthquake,10.9,1.9,0.086,13,reviewed,us,us
2020-10-09T21:22:23.097Z,-17.2155,167.4266,10,5.4,mww,,24,1.771,0.71,us,us6000c760,2020-10-11T00:41:27.782Z,"110 km WNW of Port-Vila, Vanuatu",earthquake,5.6,1.7,0.071,19,reviewed,us,us
2020-10-09T17:01:13.604Z,-19.0982,-174.0334,10,4.8,mb,,78,5.593,0.9,us,us6000c74m,2020-10-09T17:19:29.040Z,"49 km S of Neiafu, Tonga",earthquake,4.4,1.9,0.102,34,reviewed,us,us
2020-10-09T14:36:33.395Z,41.5072,19.4599,10,4.5,mb,,50,0.933,0.68,us,us6000c72t,2020-10-16T14:13:51.040Z,"20 km NNW of Shijak, Albania",earthquake,3.4,1.9,0.221,6,reviewed,us,us
2020-10-09T08:55:51.522Z,-27.8978,-66.405,163.02,5,mb,,79,2.643,0.7,us,us6000c701,2020-10-22T06:57:33.040Z,"36 km SSW of Andalgalá, Argentina",earthquake,3.5,8.1,0.086,43,reviewed,us,us
2020-10-09T06:27:50.551Z,14.9371,-91.9032,111.26,4.5,mb,,139,0.457,0.65,us,us6000c6z8,2020-10-22T06:25:28.040Z,"1 km ENE of San Rafael Pie de la Cuesta, Guatemala",earthquake,8.5,6.8,0.095,32,reviewed,us,us
2020-10-09T05:57:41.015Z,2.1519,97.6279,55.58,4.5,mb,,91,0.844,0.47,us,us6000c6z4,2020-10-22T06:19:58.040Z,"23 km SW of Singkil, Indonesia",earthquake,4.6,8.9,0.15,13,reviewed,us,us
2020-10-09T04:14:03.614Z,17.8389,-62.4897,13.69,4.6,mb,,60,0.581,0.39,us,us6000c6ya,2020-10-09T15:32:36.010Z,"58 km NNE of Nicola Town, Saint Kitts and Nevis",earthquake,2,5.1,0.07,60,reviewed,us,us
2020-10-09T02:57:20.641Z,-6.0392,122.5974,11.25,5.2,mww,,44,2.604,0.82,us,us6000c6xe,2020-10-09T03:15:20.040Z,"122 km S of Katabu, Indonesia",earthquake,6.6,4.5,0.083,14,reviewed,us,us
2020-10-09T01:21:24.710Z,17.994,-63.9913,35,4.5,md,18,348,1.8634,0.49,pr,pr2020283000,2020-10-09T12:51:22.911Z,"85 km ENE of Saint Croix, U.S. Virgin Islands",earthquake,8.42,32.229,0.15,10,reviewed,pr,pr
2020-10-08T23:14:35.759Z,-6.2472,146.2885,105.33,5.1,mb,,57,3.253,0.93,us,us6000c6w6,2020-10-09T08:25:33.104Z,"47 km E of Kainantu, Papua New Guinea",earthquake,9,7.1,0.068,69,reviewed,us,us
2020-10-08T19:48:11.649Z,-11.0944,163.3437,10,4.6,mb,,55,3.725,1.16,us,us6000c81j,2020-10-14T16:45:29.040Z,"171 km ESE of Kirakira, Solomon Islands",earthquake,7.8,1.8,0.103,28,reviewed,us,us
2020-10-08T18:24:52.172Z,52.6525,152.6467,523.65,5,mb,,39,3.095,0.81,us,us6000c6um,2020-10-21T17:30:53.040Z,"293 km WNW of Ozernovskiy, Russia",earthquake,8.9,5.3,0.02,778,reviewed,us,us
2020-10-08T16:27:45.179Z,-11.2206,163.2856,20.69,4.9,mb,,48,3.731,0.84,us,us6000c6tx,2020-10-08T16:55:19.040Z,"171 km ESE of Kirakira, Solomon Islands",earthquake,7.2,5.5,0.06,98,reviewed,us,us
2020-10-08T15:58:49.998Z,-5.9004,150.8349,30,5.8,mww,,28,2.152,0.8,us,us6000c6si,2020-10-09T16:45:33.332Z,"86 km ESE of Kimbe, Papua New Guinea",earthquake,5.1,1.8,0.054,33,reviewed,us,us
2020-10-08T15:48:26.909Z,-58.9377,-25.5913,79.34,5.2,mb,,46,7.605,0.88,us,us6000c6sf,2020-10-09T16:28:25.040Z,"South Sandwich Islands region",earthquake,10,4.6,0.068,74,reviewed,us,us
2020-10-08T15:25:09.159Z,-11.2041,163.256,40.64,5,mb,,44,3.698,1.02,us,us6000c6sb,2020-10-08T15:43:51.040Z,"167 km ESE of Kirakira, Solomon Islands",earthquake,8.5,6.9,0.044,176,reviewed,us,us
2020-10-08T14:22:39.520Z,52.7184,-168.2558,36.99,5.7,mww,,169,0.677,1.35,us,us6000c6rg,2020-10-27T14:32:42.201Z,"47 km ESE of Nikolski, Alaska",earthquake,4.9,2.1,0.05,39,reviewed,us,us
2020-10-08T13:38:16.778Z,-5.3224,68.5414,10,4.5,mb,,173,4.406,0.92,us,us6000c81i,2020-10-18T14:20:02.040Z,"Chagos Archipelago region",earthquake,15.5,2,0.15,13,reviewed,us,us
2020-10-08T13:18:33.075Z,56.8579,-36.1661,10,4.7,mb,,120,6.434,0.77,us,us6000c81b,2020-10-18T14:12:42.040Z,"Reykjanes Ridge",earthquake,12.1,2,0.194,8,reviewed,us,us
2020-10-08T10:42:21.492Z,71.6289,-11.3894,10,5,mb,,59,3.63,0.91,us,us6000c6p1,2020-10-08T21:34:17.040Z,"124 km NW of Olonkinbyen, Svalbard and Jan Mayen",earthquake,7.3,1.9,0.028,395,reviewed,us,us
2020-10-08T10:31:57.007Z,-5.4926,151.9703,58.18,4.9,mb,,126,1.307,0.96,us,us6000c6nz,2020-10-08T11:06:22.040Z,"131 km SSW of Kokopo, Papua New Guinea",earthquake,8.7,6.2,0.055,106,reviewed,us,us
2020-10-08T10:09:21.054Z,26.5662,141.3873,90.45,4.5,mb,,59,0.886,1.09,us,us6000c817,2020-10-15T09:26:13.040Z,"Bonin Islands, Japan region",earthquake,7.7,6.2,0.128,18,reviewed,us,us
2020-10-08T09:02:20.683Z,-62.31,-58.2603,10,4.9,mb,,99,0.201,0.63,us,us6000c6nn,2020-10-08T09:45:58.040Z,"South Shetland Islands",earthquake,9.8,1.9,0.106,28,reviewed,us,us
2020-10-08T08:42:07.692Z,-11.7596,167.2045,193.44,4.5,mb,,91,3.665,0.53,us,us6000c6nh,2020-10-08T09:09:55.040Z,"191 km SE of Lata, Solomon Islands",earthquake,9.8,6.9,0.106,26,reviewed,us,us
2020-10-08T07:35:32.224Z,-6.114,146.1686,103.49,6.3,mww,,15,3.413,0.89,us,us6000c6mu,2020-10-10T08:04:39.636Z,"38 km ENE of Kainantu, Papua New Guinea",earthquake,7,5.6,0.073,18,reviewed,us,us
2020-10-08T03:34:31.069Z,29.7593,129.7184,35,4.8,mb,,126,1.855,0.59,us,us6000c6m6,2020-10-12T03:43:36.040Z,"88 km SW of Kurio, Japan",earthquake,3.3,1.9,0.062,80,reviewed,us,us
2020-10-08T03:18:32.761Z,12.4027,-88.936,35,4.5,mb,,159,1.892,0.93,us,us6000c6ly,2020-10-08T04:00:39.040Z,"106 km SSW of Puerto El Triunfo, El Salvador",earthquake,7.3,2,0.041,173,reviewed,us,us
2020-10-07T23:50:46.925Z,-6.4575,130.1278,112.02,4.8,mb,,70,1.909,0.63,us,us6000c6kw,2020-10-21T00:25:02.040Z,"Banda Sea",earthquake,5.3,7,0.074,57,reviewed,us,us
2020-10-07T22:13:05.216Z,41.4658,19.5704,10,4.6,mb,,42,0.99,0.77,us,us6000c6kg,2020-10-20T23:09:08.714Z,"10 km NW of Vorë, Albania",earthquake,4.1,1.9,0.102,29,reviewed,us,us
2020-10-07T22:08:35.370Z,-18.0276,-177.9591,600.56,4.7,mb,,39,3.702,0.75,us,us6000c6kf,2020-10-18T05:31:27.040Z,"288 km E of Levuka, Fiji",earthquake,11.1,6.3,0.065,72,reviewed,us,us
2020-10-07T18:27:28.027Z,0.3473,125.7977,40.18,4.9,mb,,55,1.624,0.91,us,us6000c6ib,2020-10-13T18:48:06.040Z,"144 km SE of Tondano, Indonesia",earthquake,4.2,6.5,0.083,45,reviewed,us,us
2020-10-07T18:24:34.620Z,18.174,-64.1781,10,5.3,ml,30,197,1.671,0.57,pr,pr2020281016,2020-10-13T18:40:50.040Z,"67 km ESE of Cruz Bay, U.S. Virgin Islands",earthquake,4.33,31.61,0.12,11,reviewed,pr,pr
2020-10-07T18:04:18.158Z,23.4204,142.9726,33.3,4.9,mb,,62,13.086,0.93,us,us6000c6ik,2020-10-13T18:52:46.040Z,"Volcano Islands, Japan region",earthquake,6,4.5,0.049,130,reviewed,us,us
2020-10-07T16:30:54.417Z,-10.7518,164.9676,45.3,4.5,mb,,136,5.112,0.47,us,us6000c7t6,2020-10-14T23:00:02.040Z,"90 km W of Lata, Solomon Islands",earthquake,11.2,9.5,0.192,8,reviewed,us,us
2020-10-07T12:36:28.856Z,-62.3265,-58.3201,11.75,4.7,mb,,75,0.183,0.47,us,us6000c6ep,2020-10-07T12:52:31.040Z,"South Shetland Islands",earthquake,5.8,4,0.113,24,reviewed,us,us
2020-10-07T06:50:13.081Z,-10.4971,120.9259,51.6,4.9,mb,,75,2.257,1.2,us,us6000c6cn,2020-10-07T07:11:56.040Z,"117 km SE of Waingapu, Indonesia",earthquake,7,6.6,0.096,34,reviewed,us,us
2020-10-07T06:13:57.747Z,-5.9822,130.6131,128.45,4.5,mb,,74,2.1,0.97,us,us6000c6cd,2020-10-07T06:35:37.040Z,"240 km W of Tual, Indonesia",earthquake,6.5,7.6,0.116,22,reviewed,us,us
2020-10-07T05:34:23.054Z,-28.994,-71.1249,52.68,4.7,mwr,,98,0.372,0.77,us,us6000c6bs,2020-10-07T12:12:02.464Z,"58 km SW of Vallenar, Chile",earthquake,5.9,7.1,0.051,37,reviewed,us,us
2020-10-07T01:34:15.154Z,51.3,-178.3639,46.67,4.8,mb,,121,0.379,0.82,us,us6000c69l,2020-10-18T02:35:00.823Z,"135 km WSW of Adak, Alaska",earthquake,4.6,5.1,0.049,131,reviewed,us,us
2020-10-07T00:35:53.264Z,-11.9101,166.7095,138.83,4.8,mb,,118,3.548,0.67,us,us6000c695,2020-10-14T22:23:12.040Z,"164 km SE of Lata, Solomon Islands",earthquake,11.1,6.3,0.081,47,reviewed,us,us
2020-10-06T23:02:06.949Z,34.3036,137.9258,295.63,4.6,mb,,76,0.429,0.81,us,us6000c68f,2020-10-14T04:26:35.040Z,"42 km SW of Ōyama, Japan",earthquake,7.3,4.3,0.05,118,reviewed,us,us
2020-10-06T22:02:54.378Z,25.643,94.7776,61.51,4.6,mb,,54,1.472,0.84,us,us6000c688,2020-10-14T04:49:12.993Z,"27 km E of Phek, India",earthquake,3.7,6.3,0.062,78,reviewed,us,us
2020-10-06T21:29:06.790Z,9.7633,126.3368,10,4.6,mb,,126,2.779,1.15,us,us6000c73n,2020-10-14T05:02:41.040Z,"24 km E of Union, Philippines",earthquake,9.9,1.9,0.089,37,reviewed,us,us
2020-10-06T21:18:04.990Z,9.7097,126.3434,10,4.5,mb,,127,2.729,0.93,us,us6000c73t,2020-10-14T04:22:35.040Z,"26 km ESE of Union, Philippines",earthquake,6.6,1.9,0.121,20,reviewed,us,us
2020-10-06T19:11:34.362Z,-7.2969,39.7801,10,4.6,mb,,67,5.201,0.41,us,us6000c679,2020-10-06T21:49:17.040Z,"62 km ESE of Vikindu, Tanzania",earthquake,10.5,1.9,0.089,38,reviewed,us,us
2020-10-06T15:21:11.860Z,3.1268,65.5237,10,4.6,mb,,87,7.912,0.61,us,us6000c73c,2020-10-14T15:33:23.040Z,"Carlsberg Ridge",earthquake,9.2,1.4,0.132,17,reviewed,us,us
2020-10-06T13:56:42.504Z,-62.3428,-58.2189,10,5.4,mww,,73,0.232,0.83,us,us6000c63r,2020-10-14T13:53:14.134Z,"South Shetland Islands",earthquake,5.6,1.8,0.073,18,reviewed,us,us
2020-10-06T13:52:31.722Z,-9.5762,112.8615,35,4.8,mww,,111,1.683,1.51,us,us6000c63n,2020-10-14T13:45:22.040Z,"151 km S of Dampit, Indonesia",earthquake,7.4,1.9,0.083,14,reviewed,us,us
2020-10-06T13:22:06.448Z,9.5595,126.6684,40.28,4.8,mb,,115,2.698,0.33,us,us6000c63i,2020-10-14T13:40:59.040Z,"60 km ENE of Cortes, Philippines",earthquake,9.3,6.2,0.085,43,reviewed,us,us
2020-10-06T13:17:36.131Z,-0.9306,122.1768,44.23,4.8,mb,,47,0.604,0.66,us,us6000c63c,2020-10-14T13:37:17.040Z,"68 km W of Luwuk, Indonesia",earthquake,5.1,5.8,0.093,38,reviewed,us,us
2020-10-06T10:18:16.388Z,-18.0872,-178.5937,645.64,4.6,mb,,121,3.211,1.07,us,us6000c73w,2020-10-26T07:30:55.040Z,"221 km E of Levuka, Fiji",earthquake,15.7,10.8,0.173,10,reviewed,us,us
2020-10-06T10:11:46.688Z,-18.0101,-178.4762,633.92,6,mww,,24,3.316,0.94,us,us6000c617,2020-10-25T12:06:11.361Z,"233 km E of Levuka, Fiji",earthquake,8.4,3.1,0.05,38,reviewed,us,us
2020-10-06T08:47:01.687Z,0.7895,127.2634,101.52,5,mb,,66,0.104,0.81,us,us6000c60p,2020-10-06T09:03:02.040Z,"13 km W of Ternate, Indonesia",earthquake,7.2,5.7,0.12,22,reviewed,us,us
2020-10-06T08:12:01.809Z,39.7429,73.8726,10,4.5,mb,,149,1.618,1.46,us,us6000c60i,2020-10-07T07:55:06.040Z,"121 km ESE of Nookat, Kyrgyzstan",earthquake,5.7,2,0.204,7,reviewed,us,us
2020-10-06T08:01:16.056Z,-62.3188,-58.2757,10,4.5,mb,,85,0.198,0.65,us,us6000c733,2020-10-13T05:39:55.040Z,"South Shetland Islands",earthquake,6.8,1.9,0.145,14,reviewed,us,us
2020-10-06T06:27:35.055Z,39.405,141.9818,92.77,4.6,mb,,99,1.551,0.54,us,us6000c5zw,2020-10-06T06:53:23.040Z,"7 km SSE of Yamada, Japan",earthquake,6.4,6.6,0.041,177,reviewed,us,us
2020-10-06T06:13:40.099Z,34.1533,79.0917,10,4.6,mb,,82,7.036,0.69,us,us6000c5zr,2020-10-06T07:30:59.040Z,"139 km E of Leh, India",earthquake,4.7,1.9,0.078,51,reviewed,us,us
2020-10-06T05:54:50.520Z,54.8444,-159.8598,30.42,5.9,mww,,122,0.157,0.87,us,us6000c5zm,2020-10-23T21:53:37.028Z,"68 km SE of Sand Point, Alaska",earthquake,3.5,4.2,0.043,53,reviewed,us,us
2020-10-06T05:06:39.573Z,-38.2514,-75.2831,10,4.9,mww,,134,2.241,0.74,us,us6000c5zf,2020-10-09T05:15:09.040Z,"160 km WSW of Lebu, Chile",earthquake,3.4,1.9,0.066,22,reviewed,us,us
2020-10-06T04:24:57.638Z,32.8698,-39.8405,10,5.4,mww,,38,19.025,0.65,us,us6000c5ze,2020-10-23T05:02:05.388Z,"northern Mid-Atlantic Ridge",earthquake,10.3,1.8,0.05,38,reviewed,us,us
2020-10-06T01:33:10.330Z,-19.3986,-173.8036,35.22,4.6,mb,,80,3.676,0.82,us,us6000c72u,2020-10-23T02:46:24.040Z,"73 km NE of Pangai, Tonga",earthquake,11.4,6.4,0.194,8,reviewed,us,us
2020-10-06T00:16:46.001Z,-3.0712,130.3657,10,4.7,mb,,36,1.886,0.88,us,us6000c5y6,2020-10-10T22:12:59.040Z,"163 km E of Amahai, Indonesia",earthquake,6.2,1.8,0.085,42,reviewed,us,us
2020-10-05T23:43:20.808Z,34.171,79.2064,10,5,mww,,21,7.017,0.62,us,us6000c5y3,2020-10-10T22:18:55.040Z,"149 km E of Leh, India",earthquake,6.9,1.7,0.086,13,reviewed,us,us
2020-10-05T20:01:13.717Z,-16.8684,-172.0825,10,4.5,mb,,82,2.957,1.86,us,us6000c72j,2020-10-12T17:56:44.040Z,"209 km ESE of Hihifo, Tonga",earthquake,6.7,1.8,0.181,9,reviewed,us,us
2020-10-05T19:04:00.506Z,19.8719,145.3366,131.04,5.3,mww,,51,4.625,0.86,us,us6000c5t3,2020-10-27T19:14:11.366Z,"Maug Islands region, Northern Mariana Islands",earthquake,8.9,4.3,0.061,26,reviewed,us,us
2020-10-05T19:01:27.422Z,-62.2427,-58.249,10,5,mww,,48,0.193,1.28,us,us6000c5t4,2020-10-12T15:37:58.040Z,"South Shetland Islands",earthquake,4.6,1.8,0.098,10,reviewed,us,us
2020-10-05T14:01:16.485Z,39.4952,141.9169,57.35,4.7,mb,,97,1.448,0.52,us,us6000c5pr,2020-10-13T19:42:15.040Z,"4 km NW of Yamada, Japan",earthquake,8.2,6.5,0.112,24,reviewed,us,us
2020-10-05T13:03:34.591Z,-15.6114,167.8046,121.01,5,mb,,55,0.602,0.66,us,us6000c5p7,2020-10-13T18:56:01.040Z,"66 km NE of Norsup, Vanuatu",earthquake,7,4.9,0.07,65,reviewed,us,us
2020-10-05T11:03:15.699Z,-21.8537,169.6045,10,4.7,mb,,97,1.51,0.93,us,us6000c5n9,2020-10-05T11:32:00.040Z,"southeast of the Loyalty Islands",earthquake,6.5,1.9,0.104,28,reviewed,us,us
2020-10-05T09:04:31.235Z,52.2107,158.8914,99.97,4.5,mb,,150,0.827,1.08,us,us6000c5mu,2020-10-05T10:07:47.040Z,"86 km SSE of Vilyuchinsk, Russia",earthquake,9.6,6.6,0.087,39,reviewed,us,us
2020-10-05T08:48:11.676Z,-54.5022,-132.9985,10,5.2,mb,,65,31.222,0.76,us,us6000c5ms,2020-10-05T09:06:51.040Z,"Pacific-Antarctic Ridge",earthquake,6.5,1.9,0.048,144,reviewed,us,us
2020-10-05T07:30:50.634Z,2.3354,124.7296,213.42,4.8,mb,,55,3.059,0.84,us,us6000c5m9,2020-10-05T07:53:36.040Z,"95 km N of Manado, Indonesia",earthquake,7.7,7.1,0.066,71,reviewed,us,us
2020-10-05T07:12:02.985Z,-21.8618,169.744,10,5.2,mww,,85,1.638,0.62,us,us6000c5m0,2020-10-05T13:44:26.040Z,"195 km E of Tadine, New Caledonia",earthquake,7,1.9,0.098,10,reviewed,us,us
2020-10-05T04:39:19.764Z,-41.2709,-91.585,10,4.5,mb,,150,14.445,0.87,us,us6000c5lj,2020-10-14T04:08:28.040Z,"southeast of Easter Island",earthquake,11.4,1.9,0.121,20,reviewed,us,us
2020-10-05T03:07:47.054Z,-9.6053,119.3752,53.78,5,mww,,79,2.986,1.01,us,us6000c5l3,2020-10-14T04:02:14.040Z,"97 km W of Waingapu, Indonesia",earthquake,6.3,5.1,0.08,15,reviewed,us,us
2020-10-05T02:32:24.532Z,36.3103,140.8244,83.69,4.9,mb,,112,2.122,0.76,us,us6000c5l1,2020-10-14T03:56:09.315Z,"21 km E of Ōarai, Japan",earthquake,7.5,6.6,0.076,54,reviewed,us,us
2020-10-05T01:27:07.427Z,37.6282,-31.8175,10,4.9,mb,,112,1.812,0.76,us,us6000c5kz,2020-10-14T03:23:02.040Z,"202 km SSW of Lajes das Flores, Portugal",earthquake,9.3,1.9,0.087,42,reviewed,us,us
2020-10-05T01:10:13.027Z,-19.4348,-174.0621,10,4.9,mb,,80,3.922,1.18,us,us6000c5kq,2020-10-14T00:34:57.079Z,"52 km NE of Pangai, Tonga",earthquake,11.1,1.8,0.094,36,reviewed,us,us
2020-10-05T00:34:35.272Z,-31.3889,-178.8668,62.57,4.7,mb,,86,2.285,0.7,us,us6000c71l,2020-10-10T05:29:35.040Z,"Kermadec Islands region",earthquake,10.6,6.9,0.133,17,reviewed,us,us
2020-10-04T23:20:55.484Z,-20.017,-173.1692,10,4.9,mb,,46,3.197,1.16,us,us6000c5k6,2020-10-10T22:24:52.040Z,"126 km E of Pangai, Tonga",earthquake,8.5,1.7,0.03,359,reviewed,us,us
2020-10-04T22:19:15.611Z,3.7072,126.7808,35,4.6,mb,,130,2.974,0.62,us,us6000c6th,2020-10-23T01:16:36.040Z,"237 km SE of Sarangani, Philippines",earthquake,11.5,2,0.119,21,reviewed,us,us
2020-10-04T22:19:02.030Z,42.431,143.7663,59.99,4.5,mb,,134,0.614,0.7,us,us6000c6tj,2020-10-23T01:09:38.040Z,"70 km SE of Obihiro, Japan",earthquake,7.8,5.4,0.15,13,reviewed,us,us
2020-10-04T21:32:02.974Z,4.0813,-71.3768,18.96,4.6,mb,,50,3.031,0.68,us,us6000c5jq,2020-10-23T00:12:54.040Z,"78 km S of Orocué, Colombia",earthquake,7.8,4.3,0.098,31,reviewed,us,us
2020-10-04T20:21:13.685Z,-5.982,-76.7276,35.01,4.7,mb,,139,4.355,0.56,us,us6000c5j3,2020-10-06T19:13:53.815Z,"27 km ENE of Moyobamba, Peru",earthquake,9.1,7.8,0.048,130,reviewed,us,us
2020-10-04T19:12:15.265Z,10.9775,-61.5217,51.53,4.8,mb,,84,1.155,1.02,us,us6000c5ip,2020-10-06T15:50:08.718Z,"30 km N of Petit Valley, Trinidad and Tobago",earthquake,6.4,6.8,0.034,275,reviewed,us,us
2020-10-04T18:16:53.854Z,13.6078,120.7662,121.85,5.6,mww,,27,3.933,0.82,us,us6000c5i4,2020-10-17T16:36:18.678Z,"12 km WSW of Tingloy, Philippines",earthquake,7.7,3.9,0.038,67,reviewed,us,us
2020-10-04T17:36:57.902Z,-11.5647,166.3081,59.59,4.9,mb,,109,3.956,0.76,us,us6000c5hv,2020-10-04T19:59:15.040Z,"108 km SSE of Lata, Solomon Islands",earthquake,10.6,7.7,0.079,50,reviewed,us,us
2020-10-04T17:16:33.440Z,-6.3968,102.4298,34.08,4.5,mb,,151,5.289,0.95,us,us6000c6tc,2020-10-17T19:49:36.040Z,"277 km SSW of Pagar Alam, Indonesia",earthquake,6.3,5.3,0.131,17,reviewed,us,us
2020-10-04T17:13:14.922Z,27.6296,-111.1488,10,4.5,mb,,179,1.018,0.7,us,us6000c5hp,2020-10-05T16:00:04.735Z,"37 km SSW of San Carlos, Mexico",earthquake,5.4,2,0.54,1,reviewed,us,us
2020-10-04T13:24:31.207Z,-7.8051,128.6593,73.43,4.5,mb,,64,2.62,0.95,us,us6000c6t8,2020-10-13T16:00:45.040Z,"199 km ENE of Lospalos, Timor Leste",earthquake,7.2,7.4,0.205,7,reviewed,us,us
2020-10-04T09:35:48.542Z,-11.5993,166.4871,64.75,4.7,mb,,109,3.887,0.84,us,us6000c5eq,2020-10-14T07:23:09.040Z,"122 km SE of Lata, Solomon Islands",earthquake,9.7,6.1,0.118,22,reviewed,us,us
2020-10-04T09:23:24.217Z,-17.6947,-178.757,565.52,4.6,mb,,78,3.041,0.78,us,us6000c5ej,2020-10-14T07:20:02.040Z,"208 km ENE of Levuka, Fiji",earthquake,11.9,8.2,0.069,63,reviewed,us,us
2020-10-04T09:17:28.665Z,49.0695,155.2244,53.22,5.1,mww,,128,4.334,0.79,us,us6000c5ef,2020-10-14T07:18:07.040Z,"190 km SSW of Severo-Kuril’sk, Russia",earthquake,8.9,6.3,0.086,13,reviewed,us,us
2020-10-04T07:11:45.355Z,51.252,-179.268,42.09,4.8,mb,,140,0.907,0.97,us,us6000c5e0,2020-10-14T17:42:09.489Z,"195 km WSW of Adak, Alaska",earthquake,7,6.9,0.026,477,reviewed,us,us
2020-10-04T03:35:23.787Z,-12.4267,166.4353,96.35,5.1,mww,,36,3.093,1.1,us,us6000c5cl,2020-10-09T21:37:53.073Z,"200 km SSE of Lata, Solomon Islands",earthquake,9.2,5.2,0.069,20,reviewed,us,us
2020-10-04T02:51:33.795Z,29.865,130.6298,33.65,4.8,mb,,126,1.646,0.77,us,us6000c5c4,2020-10-04T03:09:15.040Z,"41 km SSE of Koshima, Japan",earthquake,7.7,6.2,0.075,55,reviewed,us,us
2020-10-04T02:18:53.313Z,-15.0935,-172.2832,10,4.8,mb,,72,1.273,1.19,us,us6000c5c2,2020-10-04T02:55:23.040Z,"131 km SSW of Lotofagā, Samoa",earthquake,8.6,1.9,0.139,16,reviewed,us,us
2020-10-03T22:53:09.386Z,-4.3661,154.0482,382.46,4.5,mb,,39,1.887,0.82,us,us6000c5b3,2020-10-17T04:49:19.040Z,"197 km E of Kokopo, Papua New Guinea",earthquake,10.3,5.5,0.075,53,reviewed,us,us
2020-10-03T22:19:30.510Z,9.2428,126.3653,49.02,4.6,mb,,110,2.295,0.58,us,us6000c5b0,2020-10-17T04:30:26.040Z,"19 km ESE of Cortes, Philippines",earthquake,8.8,6.5,0.062,78,reviewed,us,us
2020-10-03T20:04:31.270Z,-18.6731,-177.8026,615.91,4.6,mb,,79,4.046,1.06,us,us6000c5a9,2020-10-17T03:28:13.040Z,"Fiji region",earthquake,11.9,6.8,0.059,85,reviewed,us,us
2020-10-03T18:37:21.079Z,-62.3666,-58.3688,10,5,mb,,89,0.188,1.15,us,us6000c59c,2020-10-03T18:53:26.040Z,"South Shetland Islands",earthquake,5.6,1.3,0.115,25,reviewed,us,us
2020-10-03T16:30:06.352Z,-7.1605,150.0707,14.93,5.4,mww,,21,3.61,0.59,us,us6000c588,2020-10-06T19:39:56.040Z,"120 km SSE of Kandrian, Papua New Guinea",earthquake,6.1,3.9,0.066,22,reviewed,us,us
2020-10-03T16:26:15.932Z,-62.2937,-58.2471,5.09,4.8,mb,,62,0.202,0.9,us,us6000c589,2020-10-06T17:13:49.040Z,"South Shetland Islands",earthquake,3.1,3.6,0.109,29,reviewed,us,us
2020-10-03T15:21:31.616Z,-15.992,168.8833,10,4.6,mb,,174,1.706,1.66,us,us6000c6r7,2020-10-17T19:40:27.040Z,"157 km E of Lakatoro, Vanuatu",earthquake,8.8,2,0.182,9,reviewed,us,us
2020-10-03T14:15:56.423Z,15.6226,120.3028,38.03,4.7,mb,,93,1.924,1,us,us6000c57g,2020-10-04T18:41:17.330Z,"4 km W of Bacsay, Philippines",earthquake,7.4,6.8,0.063,88,reviewed,us,us
2020-10-03T13:22:47.240Z,69.278,-29.811,10,5.2,mww,,29,2.974,0.7,us,us6000c56t,2020-10-06T15:28:14.040Z,"eastern Greenland",earthquake,6.1,1.7,0.06,27,reviewed,us,us
2020-10-03T12:29:47.299Z,5.549,127.0154,49.49,4.5,mb,,123,2.078,0.48,us,us6000c6qn,2020-10-23T11:42:35.040Z,"129 km SE of Pondaguitan, Philippines",earthquake,9.4,2,0.15,13,reviewed,us,us
2020-10-03T12:26:27.325Z,29.9003,130.7174,30.89,5.1,mww,,94,1.619,0.85,us,us6000c56c,2020-10-25T12:27:26.040Z,"41 km SSE of Koshima, Japan",earthquake,3.7,4.7,0.069,20,reviewed,us,us
2020-10-03T09:31:35.227Z,33.5204,140.8977,59.21,5.5,mww,,30,0.993,1.03,us,us6000c54x,2020-10-04T09:37:29.350Z,"188 km SSE of Tateyama, Japan",earthquake,6.8,5.4,0.093,11,reviewed,us,us
2020-10-03T07:04:44.807Z,-29.6947,-67.1602,119.28,4.5,mb,,141,2.264,0.8,us,us6000c54h,2020-10-14T07:06:14.040Z,"43 km SW of La Rioja, Argentina",earthquake,11.8,14,0.181,9,reviewed,us,us
2020-10-03T05:03:47.399Z,13.5738,120.9304,177.14,4.7,mb,,128,3.981,0.53,us,us6000c547,2020-10-14T06:54:13.040Z,"7 km N of Balatero, Philippines",earthquake,11.2,7.6,0.071,61,reviewed,us,us
2020-10-03T03:25:12.901Z,6.1509,126.1339,128.48,4.9,mb,,82,1.066,1.1,us,us6000c53b,2020-10-03T06:29:42.135Z,"23 km SSW of Pondaguitan, Philippines",earthquake,8.4,6.3,0.064,77,reviewed,us,us
2020-10-03T00:49:41.798Z,47.4416,-27.8309,10,4.7,mb,,77,14.852,0.56,us,us6000c6qg,2020-10-10T05:17:46.040Z,"northern Mid-Atlantic Ridge",earthquake,11.9,1.9,0.076,52,reviewed,us,us
2020-10-03T00:11:07.035Z,-1.1609,-78.1743,10,4.7,mb,,135,8.502,0.62,us,us6000c52d,2020-10-10T22:45:01.358Z,"38 km NE of Baños, Ecuador",earthquake,9.1,1.8,0.027,418,reviewed,us,us
2020-10-02T23:37:51.845Z,43.9028,145.5761,10.51,4.6,mb,,114,2.163,0.41,us,us6000c6py,2020-10-10T04:52:53.040Z,"26 km WSW of Yuzhno-Kurilsk, Russia",earthquake,9,5.7,0.114,23,reviewed,us,us
2020-10-02T23:33:32.149Z,-62.2427,-57.9131,10,4.7,mb,,67,0.351,0.96,us,us6000c6px,2020-10-10T02:33:43.040Z,"South Shetland Islands",earthquake,5.5,1.7,0.108,26,reviewed,us,us
2020-10-02T23:31:13.069Z,18.8312,145.9612,78.07,5.2,mww,,13,3.574,0.67,us,us6000c521,2020-10-27T23:41:27.123Z,"Pagan region, Northern Mariana Islands",earthquake,8.4,4.6,0.08,15,reviewed,us,us
2020-10-02T19:18:24.789Z,-8.6767,-80.1196,32.12,4.6,mb,,144,4.606,0.57,us,us6000c4z2,2020-10-02T21:43:59.040Z,"off the coast of northern Peru",earthquake,6.5,6,0.066,71,reviewed,us,us
2020-10-02T17:12:54.812Z,-19.4187,-174.2267,10,4.9,mb,,72,5.958,0.78,us,us6000c4xg,2020-10-02T19:04:31.514Z,"45 km NNE of Pangai, Tonga",earthquake,9.1,1.9,0.046,153,reviewed,us,us
2020-10-02T16:44:41.473Z,-8.7609,-79.8015,39.25,4.6,mb,,147,4.33,0.86,us,us6000c4ws,2020-10-02T20:49:05.047Z,"107 km SW of Huanchaquito Alto, Peru",earthquake,11.4,9.3,0.067,66,reviewed,us,us
2020-10-02T15:15:55.242Z,-5.0109,153.6845,74.04,4.6,mb,,70,1.72,0.67,us,us6000c4um,2020-10-02T18:57:58.040Z,"173 km ESE of Kokopo, Papua New Guinea",earthquake,7.7,6.6,0.103,28,reviewed,us,us
2020-10-02T13:16:26.874Z,-17.1154,167.602,10.06,5.1,mb,,66,1.702,0.73,us,us6000c4rx,2020-10-25T12:52:29.040Z,"102 km NW of Port-Vila, Vanuatu",earthquake,7.5,2.6,0.079,52,reviewed,us,us
2020-10-02T12:37:48.119Z,-62.3528,-58.3433,10,4.7,mb,,84,0.189,1.34,us,us6000c4re,2020-10-25T12:57:08.040Z,"South Shetland Islands",earthquake,5.4,1.9,0.12,21,reviewed,us,us
2020-10-02T11:29:04.366Z,-8.7635,-80.0585,35,4.6,mb,,128,4.502,0.92,us,us6000c4pu,2020-10-25T13:07:17.040Z,"126 km SW of Santiago de Cao, Peru",earthquake,6.5,2,0.096,32,reviewed,us,us
2020-10-02T10:44:30.121Z,-5.4189,152.4458,32.89,4.9,mb,,106,1.251,0.58,us,us6000c4ph,2020-10-02T11:19:41.040Z,"120 km S of Kokopo, Papua New Guinea",earthquake,10.6,6.5,0.074,58,reviewed,us,us
2020-10-02T10:17:33.188Z,-62.3735,-58.2326,10,5.8,mww,,73,0.243,0.85,us,us6000c4p5,2020-10-03T10:19:07.351Z,"South Shetland Islands",earthquake,6.9,1.9,0.078,16,reviewed,us,us
2020-10-02T09:24:00.584Z,-8.6911,-80.0784,35,4.6,mb,,144,4.568,0.75,us,us6000c4nw,2020-10-02T13:37:24.040Z,"122 km SW of Santiago de Cao, Peru",earthquake,10.4,2,0.049,124,reviewed,us,us
2020-10-02T09:18:24.161Z,-8.7758,-80.2213,35,4.8,mb,,120,4.608,0.61,us,us6000c4n9,2020-10-02T10:13:26.040Z,"140 km SW of Santiago de Cao, Peru",earthquake,3.9,1.9,0.036,243,reviewed,us,us
2020-10-02T09:07:02.873Z,-8.5101,-80.0958,35,4.8,mb,,146,4.71,0.77,us,us6000c4n8,2020-10-02T09:45:01.040Z,"112 km WSW of Santiago de Cao, Peru",earthquake,9.6,2,0.032,299,reviewed,us,us
2020-10-02T08:16:53.069Z,-31.291,-177.9675,35,4.5,mb,,179,2.039,1.04,us,us6000c6pe,2020-10-14T06:39:16.040Z,"Kermadec Islands region",earthquake,11.8,2,0.163,11,reviewed,us,us
2020-10-02T06:56:54.555Z,15.7829,119.9326,40.86,4.7,mb,,118,1.829,0.63,us,us6000c4m1,2020-10-14T06:15:17.374Z,"3 km NE of Santa Cruz, Philippines",earthquake,8.1,7.8,0.083,44,reviewed,us,us
2020-10-02T05:36:56.577Z,-14.7488,-173.388,10,4.6,mb,,118,1.766,0.58,us,us6000c6pa,2020-10-14T05:36:43.040Z,"140 km NNE of Hihifo, Tonga",earthquake,6.6,1.9,0.172,10,reviewed,us,us
2020-10-02T01:48:36.405Z,-11.8285,116.9674,10,4.8,mb,,101,4.337,1.23,us,us6000c4iw,2020-10-02T02:05:47.040Z,"South of Lombok, Indonesia",earthquake,8.8,1.9,0.127,21,reviewed,us,us
2020-10-02T01:40:11.458Z,10.762,126.2531,35,4.5,mb,,133,3.728,0.72,us,us6000c6p6,2020-10-08T23:41:44.040Z,"50 km ESE of Sulangan, Philippines",earthquake,15.2,2,0.163,11,reviewed,us,us
2020-10-01T23:13:03.805Z,-24.1565,-67.1574,194.74,4.9,mb,,43,1.521,1.03,us,us6000c4dw,2020-10-03T03:34:36.040Z,"85 km W of San Antonio de los Cobres, Argentina",earthquake,7.2,7.1,0.129,19,reviewed,us,us
2020-10-01T22:56:19.333Z,14.4852,-92.7304,35,4.6,mb,,107,1.003,0.65,us,us6000c4dl,2020-10-10T23:54:46.040Z,"42 km SW of Puerto Madero, Mexico",earthquake,8.4,2,0.032,292,reviewed,us,us
2020-10-01T22:04:04.939Z,-2.9415,145.4498,10,4.8,mb,,43,2.112,0.92,us,us6000c4cl,2020-10-10T21:56:12.040Z,"197 km NE of Angoram, Papua New Guinea",earthquake,7.7,1.9,0.076,54,reviewed,us,us
2020-10-01T22:02:50.529Z,-62.2734,-57.6053,10,4.5,mb,,107,1.163,0.88,us,us6000c6h9,2020-10-10T02:36:06.040Z,"South Shetland Islands",earthquake,4.7,1.9,0.14,15,reviewed,us,us
2020-10-01T21:50:47.737Z,-62.2392,-57.632,10,4.6,mb,,104,1.199,1.16,us,us6000c6h4,2020-10-10T02:37:18.040Z,"South Shetland Islands",earthquake,4.2,1.9,0.132,17,reviewed,us,us
2020-10-01T21:12:19.779Z,-49.8893,111.5144,10,4.6,mb,,183,16.446,0.64,us,us6000c6h2,2020-10-10T01:39:56.040Z,"southeast Indian Ridge",earthquake,7.5,2,0.158,12,reviewed,us,us
2020-10-01T21:07:29.620Z,-4.1999,70.0393,10,4.7,mb,,55,3.993,0.58,us,us6000c4av,2020-10-10T21:45:24.040Z,"Chagos Archipelago region",earthquake,9,1.9,0.07,61,reviewed,us,us
2020-10-01T19:06:50.248Z,-7.9609,123.032,209.35,4.5,mb,,82,1.033,0.61,us,us6000c45d,2020-10-06T17:24:09.040Z,"116 km NE of Maumere, Indonesia",earthquake,6.8,9,0.115,22,reviewed,us,us
2020-10-01T18:28:39.408Z,-2.4629,68.0854,10,4.6,mb,,50,5.719,1.19,us,us6000c44a,2020-10-07T15:38:20.040Z,"Carlsberg Ridge",earthquake,3.6,1.9,0.087,39,reviewed,us,us
2020-10-01T18:15:36.269Z,-6.3647,130.7412,104.47,5,mb,,104,1.699,0.96,us,us6000c43n,2020-10-02T21:07:29.040Z,"237 km WSW of Tual, Indonesia",earthquake,7.4,7,0.075,61,reviewed,us,us
2020-10-01T14:57:32.858Z,55.0008,164.5571,10,4.5,mb,,127,4.008,0.8,us,us6000c3xp,2020-10-02T14:20:12.040Z,"189 km SE of Ust’-Kamchatsk Staryy, Russia",earthquake,8.9,1.9,0.068,64,reviewed,us,us
2020-10-01T12:17:10.766Z,-21.0029,-178.7544,598.82,4.5,mb,,133,4.425,0.83,us,us6000c3v4,2020-10-01T14:25:17.040Z,"Fiji region",earthquake,12.8,7,0.037,216,reviewed,us,us
2020-10-01T11:46:30.294Z,-19.2458,-177.6626,508.23,4.5,mb,,102,4.331,0.86,us,us6000c3v5,2020-10-01T13:11:54.040Z,"Fiji region",earthquake,12.6,6.8,0.058,87,reviewed,us,us
2020-10-01T11:12:49.413Z,-25.4528,70.1098,10,4.8,mb,,57,21.638,0.63,us,us6000c6gr,2020-10-08T10:12:31.040Z,"Mid-Indian Ridge",earthquake,12.5,1.8,0.093,38,reviewed,us,us
2020-10-01T11:05:38.557Z,36.7633,26.781,151.86,5.1,mb,,48,1.211,1.07,us,us6000c3tv,2020-10-01T11:16:52.040Z,"16 km W of Kéfalos, Greece",earthquake,7,7.2,0.091,39,reviewed,us,us
2020-10-01T10:34:48.481Z,-6.0867,148.6576,109.22,6,mww,,19,3.615,0.95,us,us6000c3td,2020-10-05T16:55:45.040Z,"99 km W of Kandrian, Papua New Guinea",earthquake,6.7,6.5,0.055,32,reviewed,us,us
2020-10-01T10:25:08.677Z,51.7326,-174.9395,45.64,5.3,mww,,70,0.656,1.19,us,us6000c3t7,2020-10-28T04:20:50.578Z,"72 km SW of Atka, Alaska",earthquake,5.1,4.8,0.054,33,reviewed,us,us
2020-10-01T05:30:19.130Z,-22.489,-66.3672,255.27,4.5,mb,,66,1.735,0.66,us,us6000c3q5,2020-10-01T06:11:31.040Z,"73 km WNW of Abra Pampa, Argentina",earthquake,10.2,10.4,0.156,12,reviewed,us,us
2020-10-01T03:40:50.428Z,-19.4094,-174.1938,35,4.7,mb,,94,4.044,0.43,us,us6000c6g7,2020-10-22T04:00:50.040Z,"47 km NNE of Pangai, Tonga",earthquake,12.7,1.9,0.082,45,reviewed,us,us
2020-10-01T03:08:46.931Z,-19.3126,-174.2658,35,4.6,mb,,93,4.107,0.79,us,us6000c6g6,2020-10-22T03:46:14.040Z,"56 km N of Pangai, Tonga",earthquake,7.9,1.9,0.137,16,reviewed,us,us
2020-10-01T02:38:48.406Z,-57.7893,-25.6858,48.41,4.5,mb,,97,32.456,0.45,us,us6000c6gf,2020-10-20T01:48:13.040Z,"South Sandwich Islands region",earthquake,9.6,9.5,0.156,12,reviewed,us,us
2020-10-01T01:13:36.524Z,-19.5385,-174.1217,28,6.4,mww,,20,3.988,0.63,us,us6000c3kz,2020-10-23T00:34:21.522Z,"39 km NE of Pangai, Tonga",earthquake,8.4,1.8,0.053,34,reviewed,us,us
2020-10-01T00:31:27.340Z,33.056,-115.5898333,11.54,4.93,mw,111,47,0.0189,0.31,ci,ci39641528,2020-10-22T13:22:26.023Z,"4km NE of Westmorland, CA",earthquake,0.17,0.36,,7,reviewed,ci,ci
2020-10-01T00:24:39.564Z,12.5272,-88.2665,59.17,4.5,mb,,99,1.227,0.73,us,us6000c3hq,2020-10-16T05:02:03.040Z,"off the coast of Central America",earthquake,5.7,6.7,0.076,50,reviewed,us,us
2020-09-30T22:10:47.182Z,9.2272,126.704,10,5.1,mww,,47,2.415,0.71,us,us6000c3ec,2020-10-09T22:47:43.040Z,"55 km ENE of La Paz, Philippines",earthquake,7.7,1.8,0.071,19,reviewed,us,us
2020-09-30T22:02:31.068Z,42.8163,-1.5515,10,4.6,mb,,54,2.079,0.7,us,us6000c3e9,2020-10-09T04:51:52.765Z,"3 km ESE of Huarte-Uharte, Spain",earthquake,6,1.8,0.073,56,reviewed,us,us
2020-09-30T21:13:10.357Z,9.2094,126.7568,10,4.6,mb,,116,2.424,0.55,us,us6000c3dm,2020-10-09T03:04:01.040Z,"59 km ENE of La Paz, Philippines",earthquake,9,1.9,0.071,60,reviewed,us,us
2020-09-30T21:08:08.342Z,9.1581,126.6167,10,4.6,mb,,126,2.315,0.65,us,us6000c3e1,2020-10-09T02:47:23.040Z,"43 km ENE of La Paz, Philippines",earthquake,8.1,1.5,0.077,50,reviewed,us,us
2020-09-30T20:03:02.400Z,-17.0135,167.7461,10,4.6,mb,,103,1.642,1,us,us6000c65a,2020-10-06T16:30:27.040Z,"100 km NW of Port-Vila, Vanuatu",earthquake,9.1,1.9,0.182,9,reviewed,us,us
2020-09-30T19:35:23.452Z,-17.0258,167.7784,8.74,5.4,mww,,81,1.664,0.87,us,us6000c3bi,2020-10-02T21:51:46.437Z,"97 km NW of Port-Vila, Vanuatu",earthquake,7.6,3.5,0.059,28,reviewed,us,us
2020-09-30T16:58:42.110Z,-62.334,-58.4956,10,4.8,mb,,98,0.124,1.07,us,us6000c39r,2020-10-06T22:06:24.040Z,"South Shetland Islands",earthquake,6.9,1.8,0.144,15,reviewed,us,us
2020-09-30T13:58:44.790Z,38.7836,142.1435,42.07,4.8,mb,,117,2.169,0.6,us,us6000c356,2020-10-05T14:27:57.040Z,"48 km SE of Ōfunato, Japan",earthquake,4.3,6.7,0.06,87,reviewed,us,us
2020-09-30T13:29:31.457Z,-19.4704,-69.3817,106,4.5,mb,,54,0.264,0.39,us,us6000c34x,2020-10-05T13:56:56.040Z,"115 km NE of Iquique, Chile",earthquake,4.3,4.6,0.156,12,reviewed,us,us
2020-09-30T05:23:12.810Z,-7.164,125.1462,484.63,4.6,mb,,113,2.717,0.71,us,us6000c30k,2020-09-30T05:40:47.040Z,"158 km N of Likisá, Timor Leste",earthquake,12.9,10.2,0.132,17,reviewed,us,us
2020-09-30T04:37:20.113Z,24.8822,122.0762,105.73,5,mww,,34,0.533,0.78,us,us6000c30f,2020-10-19T04:07:28.357Z,"34 km SE of Jiufen, Taiwan",earthquake,5.5,3.4,0.059,28,reviewed,us,us
2020-09-30T01:16:04.622Z,-9.4559,119.3575,10,4.5,mb,,79,2.959,0.74,us,us6000c2zc,2020-10-09T01:40:09.040Z,"96 km S of Komodo, Indonesia",earthquake,5.4,1.8,0.124,19,reviewed,us,us
2020-09-30T00:49:39.522Z,19.8926,122.6193,10,4.7,mb,,105,3.102,1.14,us,us6000c2z2,2020-10-06T22:03:40.040Z,"91 km SE of Basco, Philippines",earthquake,7.5,1.9,0.069,64,reviewed,us,us
2020-09-29T19:01:18.273Z,-15.1504,-174.0614,10,5.1,mww,,66,2.528,0.64,us,us6000c2tc,2020-09-30T16:57:00.040Z,"93 km NNW of Hihifo, Tonga",earthquake,9.4,1.8,0.093,11,reviewed,us,us
2020-09-29T17:55:43.398Z,-9.6271,119.0339,10,4.9,mb,,57,3.313,0.98,us,us6000c2rr,2020-09-29T18:23:08.040Z,"125 km SSW of Komodo, Indonesia",earthquake,2.4,1.8,0.078,56,reviewed,us,us
2020-09-29T15:45:37.465Z,-27.7293,65.6605,10,4.6,mb,,162,8.209,0.54,us,us6000c4u8,2020-10-05T14:19:35.040Z,"Indian Ocean Triple Junction",earthquake,6.9,2,0.223,8,reviewed,us,us
2020-09-29T14:31:24.123Z,-28.883,-112.267,10,4.6,mb,,77,3.128,0.92,us,us6000c4u4,2020-10-04T20:29:18.040Z,"Easter Island region",earthquake,13.4,1.9,0.094,34,reviewed,us,us
2020-09-29T14:24:31.669Z,-33.6998,-70.8277,85.25,4.5,mb,,41,0.154,0.37,us,us6000c2lq,2020-10-04T17:08:33.203Z,"8 km WNW of Buin, Chile",earthquake,4.9,4.5,0.15,13,reviewed,us,us
2020-09-29T12:11:40.790Z,-21.1983,117.2943,10,4.5,mb,,93,2.274,0.82,us,us6000c2il,2020-10-23T19:24:05.570Z,"60 km SSE of Wickham, Australia",earthquake,9,1.9,0.156,12,reviewed,us,us
2020-09-29T11:34:50.880Z,-62.4296,-58.22,10,4.8,mb,,85,1.122,0.62,us,us6000c2id,2020-10-19T11:45:50.040Z,"South Shetland Islands",earthquake,6.3,1.9,0.125,20,reviewed,us,us
2020-09-29T08:34:56.487Z,-24.8812,-179.976,485.86,4.5,mb,,72,4.714,1.06,us,us6000c2gj,2020-09-29T08:58:27.040Z,"south of the Fiji Islands",earthquake,12.1,6.7,0.039,189,reviewed,us,us
2020-09-29T06:44:22.474Z,12.3422,-88.7585,35,4.5,mb,,145,1.733,0.68,us,us6000c2fy,2020-09-29T07:32:02.040Z,"106 km SSW of Puerto El Triunfo, El Salvador",earthquake,5.9,2,0.043,161,reviewed,us,us
2020-09-29T04:38:46.627Z,22.1344,144.3523,82.36,4.9,mb,,114,6.99,0.66,us,us6000c2ew,2020-09-30T04:48:59.288Z,"Volcano Islands, Japan region",earthquake,8.9,5.1,0.041,185,reviewed,us,us
2020-09-29T04:08:02.904Z,31.3924,51.0596,10,4.9,mb,,59,3.351,0.73,us,us6000c2ea,2020-09-29T23:43:45.040Z,"48 km W of Semīrom, Iran",earthquake,6.6,1.9,0.059,89,reviewed,us,us
2020-09-29T03:26:11.608Z,-62.3354,-58.1396,10,4.7,mb,,72,0.263,0.61,us,us6000c4tp,2020-10-16T04:25:20.040Z,"South Shetland Islands",earthquake,9.7,1.9,0.123,20,reviewed,us,us
2020-09-29T03:10:48.831Z,78.9882,2.5225,10,4.7,mb,,111,2.869,0.51,us,us6000c2du,2020-09-29T23:58:25.680Z,"Greenland Sea",earthquake,9.7,1.9,0.057,93,reviewed,us,us
2020-09-29T01:14:17.872Z,22.4236,121.1368,14.59,4.9,mwr,,117,0.395,0.58,us,us6000c2d2,2020-09-29T21:35:21.977Z,"61 km NE of Hengchun, Taiwan",earthquake,5.3,3.8,0.062,25,reviewed,us,us
2020-09-29T01:03:53.809Z,13.4008,145.873,10,5.1,mb,,81,0.995,0.74,us,us6000c2cv,2020-10-27T01:14:04.275Z,"107 km E of Yigo Village, Guam",earthquake,3.1,1.9,0.052,118,reviewed,us,us
2020-09-29T00:17:35.169Z,-33.5826,-177.8995,10,5,mww,,128,4.324,0.64,us,us6000c2cm,2020-10-02T03:55:05.040Z,"south of the Kermadec Islands",earthquake,10,1.9,0.093,11,reviewed,us,us
2020-09-28T23:27:21.190Z,16.1614,-97.716,10,4.5,mb,,176,1.614,0.78,us,us6000c2ch,2020-09-29T14:36:46.648Z,"7 km NNW of San José del Progreso, Mexico",earthquake,9.1,1.9,0.03,329,reviewed,us,us
2020-09-28T22:59:45.625Z,5.1128,-76.7076,78.11,4.6,mb,,55,2.392,1.17,us,us6000c4r3,2020-10-04T23:19:58.040Z,"5 km SSW of Istmina, Colombia",earthquake,7.9,8.6,0.114,23,reviewed,us,us
2020-09-28T20:50:56.792Z,22.4308,121.1154,25.34,5.1,mww,,104,0.386,0.69,us,us6000c2ae,2020-09-29T20:00:56.432Z,"60 km NE of Hengchun, Taiwan",earthquake,6.2,5.1,0.089,12,reviewed,us,us
2020-09-28T16:49:16.778Z,-33.0043,-72.059,18.23,4.8,mb,,151,0.354,0.6,us,us6000c269,2020-10-04T15:40:45.139Z,"40 km W of Valparaíso, Chile",earthquake,3.9,3.3,0.139,20,reviewed,us,us
2020-09-28T16:26:55.183Z,0.0677,99.5396,96.01,4.7,mb,,169,1.521,0.64,us,us6000c266,2020-10-04T15:36:47.040Z,"99 km NW of Pariaman, Indonesia",earthquake,8.4,7,0.093,35,reviewed,us,us
2020-09-28T14:11:42.220Z,-17.1041,167.6064,10,4.7,mb,,114,1.692,0.72,us,us6000c4qs,2020-10-04T14:27:16.040Z,"102 km NW of Port-Vila, Vanuatu",earthquake,8.7,1.9,0.127,22,reviewed,us,us
2020-09-28T13:21:04.982Z,41.4017,-29.3524,10,4.9,mb,,74,2.175,0.97,us,us6000c251,2020-10-04T14:09:44.899Z,"263 km NE of Santa Cruz das Flores, Portugal",earthquake,5.9,1.8,0.052,120,reviewed,us,us
2020-09-28T13:04:03.535Z,41.6208,-29.5764,10,4.5,mb,,72,2.561,0.5,us,us6000c4qw,2020-10-04T13:42:25.040Z,"273 km NNE of Santa Cruz das Flores, Portugal",earthquake,11.9,1.9,0.131,18,reviewed,us,us
2020-09-28T12:30:33.006Z,41.6381,-29.4194,10,4.9,mb,,59,13.113,0.84,us,us6000c24s,2020-09-28T12:54:26.040Z,"282 km NNE of Santa Cruz das Flores, Portugal",earthquake,11.1,1.9,0.044,163,reviewed,us,us
2020-09-28T12:26:52.373Z,41.8508,-29.177,10,4.9,mb,,91,13.106,0.78,us,us6000c24x,2020-09-28T13:03:49.040Z,"Azores Islands region",earthquake,12.1,1.9,0.041,184,reviewed,us,us
2020-09-28T08:46:40.322Z,-60.4151,-28.6932,10,5.1,mb,,62,7.449,0.57,us,us6000c23q,2020-09-28T09:06:01.040Z,"South Sandwich Islands region",earthquake,8.9,1.9,0.066,78,reviewed,us,us
2020-09-28T05:12:34.992Z,33.229,75.8586,10,4.6,mb,,80,2.206,0.71,us,us6000c222,2020-10-19T13:15:33.975Z,"12 km SE of Kishtwār, India",earthquake,6.4,1.6,0.093,35,reviewed,us,us
2020-09-28T04:12:42.226Z,39.9989,24.3791,11.37,4.8,mb,,34,1.549,0.84,us,us6000c21i,2020-10-04T22:36:12.181Z,"30 km SSE of Karyes, Greece",earthquake,5.8,4.4,0.068,68,reviewed,us,us
2020-09-28T03:44:54.775Z,-11.429,118.0339,10,4.8,mb,,44,4.823,0.85,us,us6000c216,2020-10-04T22:24:47.040Z,"south of Sumbawa, Indonesia",earthquake,7.4,1.9,0.1,31,reviewed,us,us
2020-09-28T02:44:19.327Z,51.9812,-169.6468,10,5.2,mww,,55,0.808,1.17,us,us6000c20q,2020-10-13T23:27:24.040Z,"119 km SSW of Nikolski, Alaska",earthquake,3.3,1.8,0.052,35,reviewed,us,us
2020-09-28T00:53:40.225Z,-17.866,167.3918,10,4.8,mb,,119,2.412,0.8,us,us6000c20g,2020-10-25T22:40:54.040Z,"98 km W of Port-Vila, Vanuatu",earthquake,8.4,1.8,0.092,36,reviewed,us,us
